clue_id,confidence,difficulty,transcript,clue_word_frequency,duration,clue_latency,clue_number_latency,speech_rate,speech_ratio,articulation_rate,pause_count,pause_mean,pause_max,pause_before_clue,pause_mid_speech,filler_count,repetition_count,disfluency,verbal_hesitation_count,meta_comment_presence,pitch_mean,pitch_std,pitch_slope,pitch_rise_end,pitch_range,pitch_p25,pitch_p75,mfcc_1_mean,mfcc_1_std,mfcc_2_mean,mfcc_2_std,mfcc_3_mean,mfcc_3_std,mfcc_4_mean,mfcc_4_std,mfcc_5_mean,mfcc_5_std,mfcc_6_mean,mfcc_6_std,mfcc_7_mean,mfcc_7_std,mfcc_8_mean,mfcc_8_std,mfcc_9_mean,mfcc_9_std,mfcc_10_mean,mfcc_10_std,mfcc_11_mean,mfcc_11_std,mfcc_12_mean,mfcc_12_std,mfcc_13_mean,mfcc_13_std,energy_mean,energy_std,energy_range,energy_p25,energy_p75,jitter,shimmer,hnr
1,3,2," Okay, let me see here. So, mm-hmm. Alright, this is tough. I'm not gonna lie. I'm in a ward door.",5.08,27.456,24.82,0.0,0.7284382284382285,0.5157342657342657,1.694915254237288,38,0.3505263157894737,1.5899999999999999,1,3,0,0,0.9921024441719055,6,0.4,129.7768499292876,30.689396131880336,1.5206809230413167,8.956299978939427,314.04947216607485,109.51256721909758,137.41285568833212,-366.47278,154.87427,37.43776,46.29914,7.48895,14.210628,8.574779,14.013883,-2.576614,12.395867,-1.409646,8.295409,-0.8785849,8.565986,-1.3972839,7.651022,-0.99197155,5.8344674,-2.1346803,7.181801,-1.7147589,6.2432685,0.8849422,6.169598,-2.1048026,6.227731,0.044402402,0.08915439,0.5455287,0.0,0.049379982,0.020542730653672233,0.12180826414314072,15.683528847358598
2,4,1, homo sapiens to,1.59,7.776,5.22,0.5600000000000005,0.38580246913580246,0.2970679012345679,2.1645021645021645,7,0.6385714285714287,2.6999999999999997,0,0,0,0,0.9996465444564819,0,0.0,136.1474809647903,21.97571661891016,3.8314268265793667,-22.942767976775812,99.32407351810437,118.12118645359914,143.95101639182423,-413.5036,156.11914,20.81097,38.69582,6.7217855,13.696868,5.857639,12.701881,-1.5275956,9.130982,-0.62817043,6.1395736,-0.8277347,4.4750476,-1.7501688,4.3874116,-0.54030484,4.429498,-2.4651968,8.523219,-2.920639,6.215263,-0.2522852,4.5179596,-1.4790192,5.7757993,0.0393427,0.09056699,0.3830217,0.0,0.009859916,0.029517372983649717,0.14539129100336448,11.074241926411924
3,4,2, Human 2,5.35,0.928,1.44,1.4,2.155172413793103,0.6788793103448275,4.761904761904762,1,0.03,0.03,0,0,0,0,0.8982441425323486,0,0.0,123.54694107506764,8.44603083346531,-34.103890921487775,-0.9247268201742713,32.21801244926482,116.19135700598028,130.1729770075196,-292.37778,226.13213,61.328716,40.804527,9.184021,9.577034,11.091815,8.960417,4.2317023,5.8063664,1.3880996,5.3687596,-1.6895506,4.107224,-3.676715,5.9115844,-4.538727,5.839408,-7.809705,7.8467584,-8.454332,6.7427444,-2.9359953,5.129016,-4.0779314,5.7542515,0.07305319,0.060341932,0.16225295,0.0,0.12713562,0.025945364000791973,0.11245300948335109,14.221208308225826
4,2,4, This is tough here. Subt x mask.ś,3.92,16.256,15.08,0.0,0.43061023622047245,0.32295767716535434,1.5238095238095237,18,0.6083333333333334,4.17,0,1,0,0,0.9182825088500977,1,0.3333333333333333,122.80276774245635,22.507622673847262,0.5764152563715318,-6.448487550435061,173.6716074307257,111.52159529508675,129.16916055746202,-380.97546,162.82033,22.16387,40.366444,3.9634728,10.920034,5.3082743,9.726498,-0.36094776,7.958338,0.30718917,5.342822,-1.7817026,6.9279394,-1.5338621,6.880973,0.16084889,5.21958,-1.3429954,5.543111,-1.8875942,5.434012,-0.5262461,4.580868,-0.585024,3.5189657,0.040155534,0.089108884,0.4773674,0.0,0.012116556,0.03357288577875075,0.1405012094364316,9.131940801444104
5,4,3," See, I don't know how to link some of these. That is insane. I can't do it. I will leave it now. Okay. Kind of, but yeah. I'll say, found ten two.",3.91,32.832,3.14,0.21999999999999975,0.9746588693957114,0.9265350877192982,1.2491781722550954,8,0.30374999999999996,1.3199999999999998,0,5,0,0,0.8250052332878113,3,0.14285714285714285,132.2585298671426,30.83073082438582,-0.5985186971864106,-22.540422693391434,138.2831470687608,110.3358440362624,142.93751019439767,-304.64297,95.17376,80.92174,32.97277,23.51116,17.70866,25.791367,16.443983,9.088651,11.356863,10.087947,9.528149,1.4963733,12.87583,-0.8997243,11.80628,3.5001204,7.963624,-0.8489901,11.313092,-2.1665263,9.367531,3.9279695,6.5223575,0.42427433,6.3236847,0.050549794,0.08610433,0.4505301,0.005840929,0.040372424,0.025149484521316334,0.10226332850788394,14.12736796232652
6,4,2, Train track or track 2,5.02,6.176,4.88,0.3799999999999999,0.8095854922279793,0.3643134715025907,2.2222222222222223,5,0.654,1.74,0,0,0,0,0.900474488735199,0,0.0,130.95294465823747,26.473883786400247,3.567668299846373,72.62771836573222,157.96081127384446,112.89031582270147,140.73550178461855,-382.084,195.03308,28.647432,40.20769,4.4979463,8.02047,5.689583,10.3743105,1.02726,4.8415475,-0.72917444,4.5935144,-2.0367913,4.6749706,-2.8114033,4.6695733,-3.2197738,5.307867,-2.9406888,5.3065653,-2.695592,5.079011,-1.2250025,3.439743,-0.5288279,3.3824627,0.049928524,0.08281746,0.38295832,0.0,0.08936761,0.0237475459657757,0.07734241280232053,17.41401943015705
7,5,1," Okay, one more. Magnify.",2.77,3.136,1.4000000000000004,0.6799999999999997,1.2755102040816326,0.5165816326530611,5.555555555555556,4,0.3825,1.44,0,1,0,0,0.8232693076133728,1,0.5,164.94983618595086,54.38899336468771,-48.32999234445717,-43.949046532931604,170.00058088048087,116.23854263564853,220.87991547672854,-336.99203,169.56395,56.52145,45.2835,7.6147385,14.001794,10.211356,15.862005,-1.6432232,8.893083,-2.0904677,9.426312,-1.4029042,10.516304,0.38322031,8.218982,-0.072700955,6.906149,-3.3939857,7.791742,-5.5709357,7.7242594,-4.623709,7.3052464,-6.2867436,7.8157,0.046743292,0.08764191,0.41187567,0.0,0.041389693,0.021240185357096326,0.09926627843875024,13.809880203671907
8,2,4," Hmm. Signs, S-I-G-N, sign 2.",5.08,22.944,22.02,0.120000000000001,0.21792189679218968,0.46809623430962344,0.4655493482309125,14,0.8721428571428571,4.5,1,1,0,0,0.9996113181114197,1,0.0,126.66336735070925,23.08784362823012,0.037548398456766274,-13.22059298719688,150.5949483122719,112.18920582119372,132.4791987642895,-374.43402,183.65622,35.232574,43.461994,8.939299,12.781105,10.809326,15.006938,3.7317116,8.322976,3.0162768,6.5319133,0.4472396,5.884099,-1.6132792,5.7530117,-1.0193977,5.6701107,-1.9272063,6.0585237,-1.8888844,5.2727275,-0.5996183,4.005474,-1.5071169,4.016352,0.05154931,0.08400568,0.4138031,0.0,0.07984,0.022740884527813095,0.08450986516861476,17.74473695260263
9,3,3," Okay, let's go for easy one animal 2",4.81,6.3253125,4.48,0.11999999999999922,1.2647596462625366,0.9580554320438713,2.145214521452145,1,0.27,0.27,0,0,0,0,0.779922366142273,1,1.0,109.6419068529605,12.325979635934827,-2.2074860257365394,-0.4312462541412714,117.16334349455418,103.26042326267705,112.96482090986362,-277.3473,84.86798,89.58627,46.76694,26.110775,22.37349,38.16281,24.122389,-8.060684,14.090204,-7.985026,13.889069,-7.2924285,14.232869,-7.738442,11.500457,1.5930574,12.225033,-7.849052,12.001163,-3.8904321,8.309614,4.5507026,8.22976,-4.4368834,8.72353,0.06813813,0.072933465,0.2509641,0.005559441,0.12846322,0.02795862357532302,0.09313019714489755,14.197462502208728
10,4,3, Does your that's it that's it that's it that's it Claude to,4.03,29.28,29.099999999999998,2.020000000000003,0.4098360655737705,0.9497950819672131,0.4674577490111471,22,0.06681818181818183,0.48,0,2,0,0,0.8185060024261475,0,0.0,118.80080261794556,34.22816980892872,0.6975966289585815,-10.533281566434283,317.2400703203056,105.2005789869533,128.815490625155,-308.02963,85.69865,67.439156,28.717085,25.817791,13.994639,21.146212,14.184262,4.9531336,13.103317,8.778775,7.706707,6.415427,8.707827,1.5485356,9.81903,2.7309463,7.169994,2.2543213,7.607929,0.66099685,8.175471,2.1252952,5.710364,1.9573343,5.544045,0.034939278,0.093229175,0.8521514,0.005068036,0.015128176,0.02340185968618359,0.09773413613675136,14.15531167693591
11,2,5," I think I know one. Okay, thank God. I'm gonna say... You know what? Actually... There's no way I can relate these. It's adding the difficulty. Who is the landing? I don't know.",3.66,76.736,4.64,0.16000000000000014,0.43004587155963303,0.3033778148457047,2.018900343642612,60,0.8909999999999999,7.5,0,7,0,0,0.8642946481704712,4,0.1111111111111111,121.23406728421075,35.283327774004576,0.04509653616670142,-10.041099403040647,228.3908909283617,104.0443182817798,123.80487124239491,-376.40894,133.63509,25.302134,42.55442,6.1574054,14.091454,5.801064,13.184245,0.5983749,8.326353,-0.068962656,5.3012447,-1.4592488,6.5499063,-1.3225204,5.6252804,-1.0694394,4.9472966,-2.3158782,7.103386,-1.4561082,5.1074677,-0.49397728,4.0058665,-0.7549811,3.8819873,0.035984132,0.09247007,0.7212556,0.0,0.010425906,0.026186709442653017,0.09753811286670776,14.866245726019665
12,5,1, Child,5.3,2.6773125,2.4,0.0,0.3735088825081121,0.5042369913859513,0.7407407407407408,4,0.3375000000000001,1.08,0,0,0,0,0.921134889125824,0,0.0,118.99723164831249,8.236902053814388,-47.946386800376615,0.0,47.93597012411462,114.9611003925926,119.0269704900614,-316.26782,132.2357,62.091938,47.35473,1.2181029,21.285444,12.410711,15.746615,-2.499841,16.988026,4.261767,8.721621,-4.6121607,9.319258,-3.4196231,11.129959,7.114416,8.971977,1.920804,10.62553,-4.5612235,11.568259,2.564974,5.537305,-0.28981462,4.6441083,0.04531456,0.08791998,0.33687434,0.0016056367,0.012607107,0.01545842819748952,0.10143157701758995,12.04352701547986
13,3,4, I'm just going to shoot something. Device II,4.67,30.912,25.62,0.1999999999999993,0.2587991718426501,0.4299301242236025,0.9029345372460498,33,0.5345454545454544,4.859999999999999,0,1,1,0,0.9108082056045532,1,0.5,181.87109724105676,50.96942776837158,5.719807450462411,6.5526284070749625,286.60676124254235,166.89572450298948,195.2746878722753,-287.11234,69.99169,80.822586,24.609608,32.598198,17.267586,22.405386,11.4479885,17.0487,8.924742,12.796219,9.917259,6.506392,11.467699,10.869349,7.5797963,5.863461,6.0293055,7.5009565,5.3006573,5.296721,4.649082,4.6945148,6.7254486,3.0413737,5.291469,0.04892232,0.0869884,0.7001754,0.015585961,0.027554907,0.02662932408277353,0.12095883390657124,13.589288309481462
14,4,4, That's it. Transport. For it. Three. Three.,4.68,68.544,60.64,1.3399999999999963,0.10212418300653595,0.973827030812325,0.1198501872659176,27,0.06666666666666668,0.24,0,2,0,1,0.8081017136573792,0,0.0,209.82797481329774,26.682622785572004,1.4962897343609192,-9.735643711783752,171.3559102985102,199.40993862074905,229.2637134410591,-246.06615,49.74654,76.84667,15.099307,30.646065,12.211218,23.12581,8.130668,15.174641,6.899707,13.882224,6.7182508,8.120256,7.370762,9.644579,5.4145327,6.2694607,4.942447,6.284889,4.762926,4.7853694,4.104181,5.234485,4.2004333,3.0458238,4.2904625,0.045905195,0.087683104,0.9228863,0.022969184,0.035558052,0.014969344074891798,0.06657752312263161,12.254269849575431
15,4,3, Uh... I'm gonna go again. Travel. Three.,5.0,17.0026875,12.44,3.5000000000000018,0.41169962101579527,0.3158324235506887,1.86219739292365,10,1.1640000000000001,3.15,0,2,0,0,0.9905182719230652,1,0.0,187.1279340598342,32.15107792484438,0.7600434428500211,56.287752758975614,174.35519386565323,175.67706079786723,202.70667319452153,-374.992,175.04181,16.160278,26.41629,-0.861122,7.085622,0.9721948,5.340106,-0.9557313,4.6457577,-1.8662772,5.333388,-0.98504156,4.1078663,0.2291927,2.6207902,0.34143463,3.4216309,0.9279335,3.8391473,0.3568245,3.0145082,-0.3695629,2.7148194,-0.8040505,3.173692,0.03921449,0.086452216,0.61552113,0.0,0.0328865,0.012179789776420624,0.05379649921548295,20.439520913242546
16,3,4," You know what? I can do them. You could do them one by one. Yeah. Now make it fun. The thing is it doesn't matter really. I do two, I do two. Okay. Okay. Face Two.",5.45,64.9493125,39.64,0.14000000000000057,0.5542783843939841,0.9616729969235625,0.7044508485430675,20,0.12449999999999997,0.63,0,8,0,1,0.6204590797424316,3,0.2,175.95437700511158,54.70217771891137,-0.5136764175844913,23.957216979994683,213.2429337733899,117.98145551381172,217.92515437621694,-289.24063,98.2275,69.44937,29.864693,23.647842,18.441778,15.749658,13.025947,9.610315,10.877703,8.003431,12.155046,2.980869,10.48279,5.924281,8.36236,3.0352674,7.479497,3.2463589,7.186344,2.532539,6.332377,2.1586547,6.5231395,0.70274216,6.0316777,0.04299171,0.08955345,0.65295047,0.0066391435,0.023548527,0.015360785080557432,0.08423495231288557,17.132449017743493
17,3,5," Okay. I'm a shoe with a tongue. I have some foot fetish person, God. Then I'm supposed to say that in recording. I don't know. Okay. Let's see. Okay. Okay. Okay. Okay. I look a little bit. Can you do this one? Difficulty 5, C, 2.",5.06,89.9093125,20.8,0.21999999999999886,0.5116266460162289,0.2572592243990299,2.853437094682231,49,1.362857142857143,24.96,1,11,1,3,0.9310444593429565,8,0.5,169.59557581881845,63.17945666339938,-0.27791892262437284,6.492168554833086,323.0535051377281,106.02250238462949,213.88850072890995,-369.26193,122.44441,20.095016,37.542603,4.002905,12.3643265,2.9467592,9.814704,0.90814584,6.9238663,0.3470646,5.774033,-0.80222356,4.852017,-0.21615824,5.319481,-0.45448798,5.10061,-0.40108392,4.488811,-0.39645857,3.75333,-0.8488631,4.4168925,-0.8619981,3.671394,0.032592874,0.093509756,0.93636185,0.0,0.00399647,0.021777206618788306,0.08130109973992516,16.829370739897584
18,4,2, Focus. You might mess it up. So I need your focus here. I might Animal,4.81,19.5626875,11.56,0.0,0.7667658137461941,0.23923093388881256,4.273504273504273,10,1.491,7.319999999999999,1,1,2,0,0.9400138854980469,3,0.5,183.33034174548976,63.29283828274437,3.878118696480633,98.73333381755185,317.4180358063535,152.24082530837256,224.83430937817616,-378.47464,170.16954,14.0088625,26.896877,-2.6876895,7.7016954,-0.734362,5.164677,-1.0560217,4.3824806,-0.7495246,3.9779398,-1.4037789,4.0170894,-0.7708983,3.892056,-0.038351946,3.9799187,-0.2555378,3.0799508,-0.10028985,2.4847963,-0.16171783,2.9252615,-0.6976922,2.706788,0.035207506,0.083856285,0.6283437,0.0,0.0011851725,0.019840705167674385,0.07640659686057719,15.05413495117545
19,5,1," Now that you are still reading. A person to. Here we begin Unsudid��면 and Tottenham,",5.55,4.992,1.1,2.42,3.0048076923076925,0.7271634615384616,6.6115702479338845,6,0.17,0.36,0,0,0,0,0.9996984004974365,0,0.0,177.78891037370744,51.82231502570983,28.866368505660507,16.958238528918486,171.88200632526537,113.47038609717438,221.96466149568067,-295.28583,165.49109,64.39233,43.107643,14.175285,16.24461,8.094654,13.749478,-1.0514047,9.559375,-5.809864,11.173387,-10.16658,12.034284,1.4488304,9.75314,1.1614417,10.86991,-2.6567168,6.32344,-2.068841,5.7231946,-1.5566655,4.2155533,-1.0249006,4.599274,0.06810349,0.07201474,0.26990968,0.0016698795,0.12514177,0.030832597622900818,0.09506027089827314,15.566479959481235
20,5,1,", and Ring one.",4.81,10.9226875,9.0,1.1199999999999992,0.3662102390094013,0.9036237647556976,0.5065856129685917,3,0.36000000000000004,0.48,0,0,0,0,0.6117483377456665,0,0.0,165.863278069996,39.52126751431916,8.613439098352355,-20.712253345168733,139.75506463703994,161.9875710362639,192.51087924094506,-265.26004,57.693806,79.02136,27.88342,28.112268,15.052861,22.085075,11.181986,13.606839,10.386604,10.373463,9.950412,6.555558,7.7498784,8.878961,5.9448786,6.0099263,5.623943,6.380169,5.7495747,2.8708954,5.1821394,2.3223085,6.497373,0.8939414,5.0649285,0.05255678,0.08426839,0.49431342,0.015109197,0.02744983,0.015264680301267007,0.06921488193815235,17.895970844164587
21,4,2," Can you try saying something? Hello! Hi, hey, hello! Is it working? Yes. Third. Should I start? Yeah. I'm never... Okay. Then... Fly... Three.",4.75,20.992,18.82,1.0599999999999987,1.1432926829268293,0.6216653963414633,2.375478927203065,22,0.3531818181818182,0.99,0,8,0,0,0.5244778394699097,3,0.07692307692307693,214.88709827805985,49.30892735593193,-1.4663209447892642,-88.99372787240745,270.8073287229005,188.1350525080565,234.31039148900874,-261.90573,78.80418,92.736534,29.106922,19.194221,23.031004,20.755924,15.846874,6.778093,14.526723,1.5438666,15.054349,-4.3170333,15.097527,3.3182096,9.414193,3.6108227,7.950212,7.197566,6.3662467,2.166774,6.6292524,2.1007967,7.177305,0.35807875,5.577928,0.06266386,0.0777496,0.39246997,0.011517052,0.09487561,0.020586843265807588,0.10169621338990208,15.119908559222752
22,2,4, Hmm,3.94,28.6933125,27.580000000000002,0.0,0.034851326419701456,0.07841548444432828,0.4444444444444444,4,6.614999999999999,23.88,0,0,1,0,0.9995966553688049,1,0.0,225.72766802053752,42.22389927075088,0.3855572561099635,-30.082208695981194,261.6434615970552,204.47126525754297,230.21332346135324,-443.8864,107.73912,4.9046144,18.98385,0.8473539,4.255718,0.88671345,5.536669,-0.24297783,4.8790135,-0.16315758,2.4866061,-0.34454003,3.132918,-0.17825975,2.71423,-0.45664877,2.816906,-0.3196833,2.3094766,-0.18527527,1.5263484,-0.12695351,1.5169433,-0.23657574,1.9404967,0.023298886,0.09407912,0.56376326,0.0,0.0,0.028958890475408467,0.08694833733572335,16.7195391935027
23,2,4, Okay. Monster 2.,4.49,39.616,39.480000000000004,1.3999999999999986,0.07572697899838449,0.9367427302100162,0.13473457289140395,17,0.14823529411764705,0.75,1,0,0,0,0.8158935308456421,1,0.5,215.17312906046553,48.17325408469379,4.0863555873780495,3.025520042234689,209.71389941850853,198.09205280179168,234.41666958411668,-316.11176,57.258907,68.75384,19.39601,32.84196,13.138461,24.074074,8.173039,15.710831,7.8776484,12.274977,9.030692,8.434432,8.935011,8.51899,5.282934,6.0085287,6.011099,6.37316,5.124231,4.496446,4.9978995,3.8241603,4.622238,3.5892751,3.8642642,0.034389738,0.093636386,0.88623464,0.009919712,0.016580395,0.02551644123441493,0.0960326041274605,16.03367514849867
24,2,4, Let's say... childhood 3,4.51,11.424,9.66,3.200000000000001,0.350140056022409,0.3650210084033614,1.1990407673860912,5,1.236,2.19,0,1,0,0,0.7308041453361511,0,0.0,232.80492158625606,36.481763907952455,-10.045393279318274,-56.744916570684154,141.06167424788626,227.21733477764906,261.11496453046556,-366.50342,156.0634,19.727154,34.457695,2.150667,10.10984,4.7278214,12.264618,-0.4253338,7.368507,-1.7148454,7.5227046,-2.0538058,6.4839134,-1.3006341,5.5160203,-0.7299396,6.014638,-0.57594424,4.6524577,-0.9154051,4.2272296,-0.10250567,4.393944,0.19345671,3.609783,0.04358755,0.088272445,0.57461,0.0,0.041690655,0.01644547398967296,0.07022942483584903,17.944889303514458
25,3,2, on S,4.81,22.9973125,22.18,0.0,0.08696668360705191,0.9170636786363624,0.0948316737790422,1,1.92,1.92,0,0,0,0,0.999643087387085,0,0.0,244.22982526812638,25.04828139439727,136.80081288286044,9.995451440313587,79.32605554570702,227.06670418368796,266.5763118065463,-305.5089,58.103165,70.40091,19.413202,29.74379,13.78165,22.741354,7.8317575,14.300987,9.853328,13.102199,6.6724358,7.5279565,8.407068,8.071008,6.761868,6.926135,4.3073277,6.370901,4.2844644,3.6479821,4.897536,4.444359,4.213632,3.7570016,4.1193924,0.032129895,0.09237119,0.79316986,0.010341972,0.019142324,0.014975696239261954,0.07633717168890457,18.68260658094208
26,2,4, all right Okay. Feed. Two. Feed.,4.99,56.096,53.26,3.0800000000000054,0.1069594980034227,0.10535510553337138,1.1844331641285957,16,3.1368749999999994,20.279999999999998,0,3,1,0,0.9996092915534973,2,0.25,211.90128853501292,31.109236124640095,-0.209539808465026,-34.15859913654441,192.15694390915863,196.3781579627054,220.33604425921152,-368.78677,75.4799,6.2909617,22.474586,0.9562844,7.4791465,1.039264,5.3754625,0.10987022,4.1072245,-0.011458168,3.7867239,-0.29424033,3.932555,-0.24143794,3.1341565,-0.21268025,2.6560092,0.031151362,2.194215,-0.012833844,2.089553,-0.22569712,2.2856658,-0.21177863,1.9816883,0.018620051,0.09721613,1.2791041,0.0,0.0,0.021402261291852118,0.0980749918923715,14.744415230792457
27,5,1, LOL A robot wan,4.24,15.84,15.52,0.0,0.25252525252525254,0.4015151515151515,0.7861635220125787,14,0.677142857142857,2.31,1,0,0,0,0.8802457451820374,0,0.0,201.6930437783045,34.08606852465694,0.9679235472305124,-26.90436468873719,209.0032737520326,184.3601861058099,207.97675894936538,-309.44165,60.113956,84.37506,22.580414,28.535418,14.598802,19.31291,10.981502,6.029538,11.690541,8.271257,8.657611,4.550932,9.814323,7.9508057,5.8596435,3.9659731,7.5343924,6.8199167,4.626311,4.080247,5.1293793,3.183281,6.5688972,3.571962,5.5248833,0.043664224,0.08976214,0.5460264,0.009615702,0.016173262,0.020863527548646642,0.07518024738205943,20.076125522789145
28,4,1, And now Liberty.,4.34,3.4986875,1.46,0.0,0.8574644062952178,0.9174869147358831,1.557632398753894,1,0.3,0.3,0,0,0,0,0.5604609847068787,0,0.0,214.10276917405702,27.634990489210473,11.700132728209864,14.5526413849027,271.06099757083064,204.7571046490307,226.16084435760692,-303.9464,86.90786,89.38045,39.661797,16.941994,22.02292,11.284337,22.132774,0.66922855,13.0719185,-0.24257106,13.47002,-2.3697813,13.681025,-2.5240414,10.782238,-0.49671096,7.502624,3.2143862,5.689214,-1.7151862,8.255934,-0.39129773,10.040678,2.3857017,8.412998,0.0665799,0.0741046,0.25192282,0.005212903,0.12428719,0.014643181031391925,0.06874010496145014,18.60795441981637
29,3,3, Hmm... Okay... Time... 2...,6.29,44.8,43.16,0.8400000000000034,0.08928571428571429,0.09709821428571429,1.3793103448275863,13,3.1061538461538456,11.1,1,1,0,0,0.999485969543457,2,0.25,197.14195040317782,20.12921188857788,-0.6400344175474032,-23.941982051372037,141.9980994530717,189.2222054870135,209.9715134739689,-413.3443,101.84888,6.00171,20.21821,0.89049065,5.662477,1.2407113,4.964425,0.21625215,3.6823013,0.07090926,4.045111,0.023753388,3.2380252,0.018709846,3.0175927,0.06518595,2.3104787,0.075063564,2.1105106,0.029229183,1.555762,-0.10340808,1.776342,-0.29050073,2.3078182,0.022944206,0.09170363,0.78885514,0.0,0.0,0.02047636979451953,0.06769795318896842,20.45917094341617
30,3,2, Let's do ancient tool.,4.68,8.672,8.42,0.0,0.46125461254612543,0.3321033210332103,1.7361111111111112,5,1.146,5.069999999999999,0,0,0,0,0.9086868166923523,0,0.0,206.21456033864487,44.26190435865719,6.149992898717992,-31.193330608770452,256.9358502054556,190.27841542553398,203.27779954484868,-387.708,201.77846,16.543863,29.18665,0.79997104,5.776011,3.0425262,7.5457306,-1.0461947,5.355919,-3.1482859,7.237462,-3.739707,8.059293,-1.5372055,5.8481956,-0.29646137,5.6345253,-0.13124028,4.816473,-0.35519448,4.02117,-0.829514,3.2829647,-0.06425483,3.3371532,0.049630746,0.08252354,0.300752,0.0,0.08552478,0.013446720010920885,0.07691523994479812,15.695044522492134
31,2,4," Okay. Now concentrate, concentrate, think logically, mice or mouse, tool.",4.31,31.008,29.64,0.0,0.32249742002063986,0.9645897832817337,0.7355399531929121,15,0.074,0.3,0,3,0,1,0.9314114451408386,1,1.0,186.9111623452132,21.123124740892745,-0.10790572901413337,-26.432263120348637,139.24353981114155,175.39608850162196,195.61799001287156,-298.7005,86.52904,59.553818,33.74494,25.22493,18.388353,19.98294,14.23819,8.578231,11.414349,7.1634207,11.945334,5.58603,10.4942,5.246226,7.719399,4.128503,7.617057,5.867684,6.52954,1.699792,5.4884477,2.3413892,5.305139,2.2426867,5.520995,0.042247023,0.090161294,0.91446507,0.0064812754,0.020514853,0.02300357974711206,0.09730431178396456,14.441818417224859
32,2,5," Okay, one word and hope for the best. – construction",4.97,21.568,3.92,1.1600000000000001,0.46364985163204747,0.9541913946587536,0.728862973760933,2,0.495,0.57,1,1,0,0,0.844430685043335,1,0.5,192.1347211879578,32.86475412411995,-1.820040933986758,-23.324815664997573,164.06682367221754,190.46761476003132,208.4850917567352,-256.4013,75.03548,75.3211,27.761581,20.566193,16.308615,18.325325,12.361429,7.150907,13.104499,8.036387,11.272038,4.2143674,10.927963,5.8739605,7.6683836,6.6352983,6.3726726,6.3596497,5.6017756,2.8877735,5.200397,3.3476408,5.52496,1.365797,5.5048046,0.048144814,0.087173894,0.76002663,0.011987888,0.028666643,0.025364334257664576,0.09278855195349489,13.596074013281193
34,3,2," Hmm. Let's see. Okay, now we should place the red one as well. Oh, okay. Okay. Okay. Treasure 2.",4.17,36.608,19.4,0.16000000000000014,0.5190122377622378,0.2917395104895105,2.5280898876404496,31,0.8283870967741936,3.12,1,5,0,2,0.9994458556175232,6,0.7142857142857143,171.91327779229124,51.69593013886447,0.718051199742456,73.29010534176675,243.7019580638961,146.12481229032363,198.13346120527063,-399.92697,143.07715,21.70351,37.848557,4.5988674,10.699789,2.416618,9.002195,0.21004671,6.9154243,1.3594261,5.251126,-0.48729318,5.5429006,0.01860181,4.32748,0.19165075,4.2299666,0.26940578,3.811729,-0.26777303,3.558514,-0.23620088,3.805673,0.107383385,3.5609403,0.030304758,0.09204693,0.6583113,0.0,0.006647915,0.02305642526496697,0.10778809883752022,15.357019380576878
35,2,5," Of course,music is also amazing.",4.98,49.408,28.62,0.0,0.10119818652849741,0.9599659974093264,0.23192072527935906,30,0.066,0.18,0,0,0,0,0.7767690420150757,0,0.0,174.9855339984615,43.81072786978555,-0.15542576890130136,23.330797370714436,210.44757500071154,170.22468686697593,195.77348431526116,-248.4178,54.360863,81.009766,19.027948,29.702154,10.909642,21.108,9.623993,13.225934,11.292349,13.185637,7.5005064,7.316836,7.2378435,8.438483,5.61702,6.6735387,5.689044,6.1957006,4.755883,2.9683404,4.6674013,3.10119,4.8855677,3.3142893,3.9869342,0.04495993,0.088334166,0.8408879,0.019728065,0.030612405,0.03696741405747618,0.12256852991467124,12.211030807918881
36,5,1, then legal,3.83,10.8906875,10.36,0.0,0.18364313547698435,0.3388215849550361,0.8130081300813008,13,0.556153846153846,1.7999999999999998,0,0,1,0,0.999589741230011,1,0.0,184.70847296472076,28.239507166201804,-6.405909075789697,-30.524689479621173,190.7077304413276,162.92892100315595,205.57623931250933,-297.14398,61.80471,88.34316,25.00759,31.353306,11.968328,21.17162,8.37592,11.116473,13.875733,13.0454645,9.569309,3.5679526,10.889704,8.254345,6.7627335,8.123858,5.6082435,6.390933,4.534783,1.8244616,5.722378,2.9157658,4.357166,3.3749964,4.2073903,0.048126522,0.08710261,0.560157,0.012350683,0.018330218,0.018474596973652824,0.08211415917245286,16.637464024184066
37,5,1, Then... water... One,5.52,9.0026875,5.300000000000001,1.3999999999999995,0.33323382601028856,0.29657810514915683,1.8726591760299627,5,1.2119999999999997,2.4299999999999997,1,1,0,0,0.6885573267936707,1,0.0,179.35020106841168,24.05163058224449,1.0804016450872505,-20.73378688083804,114.60986801893588,165.80390033210372,186.98238652244305,-424.8987,198.05414,24.466597,38.804073,1.7832924,7.4845543,0.67338735,6.937917,-1.7040913,6.935447,-1.168384,4.9309816,-0.81430143,4.264315,-0.44916695,4.301389,0.4862819,3.2274027,0.14938949,3.5551193,-0.16232978,2.2518997,-0.42479473,2.8879836,-0.34105465,2.4686005,0.040058836,0.08597949,0.4131621,0.0,0.015378579,0.028658234397774394,0.10006501842182561,13.749697476016078
38,5,2, Confident zero this time. Okay. Okay. Okay.,5.35,49.44,48.9,0.0,0.14158576051779936,0.9550970873786409,0.29648454044896233,13,0.17076923076923076,0.6599999999999999,0,2,0,2,0.8788684010505676,3,0.75,181.11602418335818,53.248301158737995,0.017091040413177563,-40.81075282071484,258.09748362622156,160.18390017554657,212.7154045467027,-341.79163,84.64051,73.01388,29.031078,26.037664,15.535626,14.725161,13.893602,10.979723,11.974308,10.342486,8.147687,3.5963726,12.835307,6.5965157,6.4426656,4.6537814,7.1445994,4.5393662,6.536095,2.7904897,5.2453256,2.3251998,5.415521,1.235141,5.2297187,0.032348305,0.094464846,0.8207493,0.004516858,0.009162681,0.022228556121459967,0.08519179237449248,16.262572062697497
39,1,5," Okay. And how many rounds do I still have? How many rounds are there enough? I think you still have five. Two, three, four rounds. Okay. Oh. Black, too.",5.46,66.976,21.18,0.5,0.4329909221213569,0.3090659340659341,1.884057971014493,51,0.9076470588235294,14.01,1,9,0,0,0.9410262107849121,4,0.25,167.24868257700732,57.0076632404642,-1.0095829497175084,-3.469784436798477,221.56216298375995,92.69333672835634,208.9458787371601,-383.74796,135.45677,24.306587,43.494854,3.184165,11.267687,0.78953505,8.981816,0.23005702,6.361618,-0.33718792,6.3155375,-1.2117443,6.3970513,0.68273264,4.864985,-0.35348502,4.8603992,0.35210806,4.2910376,-0.47476777,3.9643507,-0.7072623,3.81789,-0.70642185,3.5798929,0.0330296,0.09349015,0.6558218,0.0,0.00575327,0.023759785631889102,0.08832934538144672,13.433429612485048
40,5,1," Believe it or not, we will give you a taste of rich light, pleasant excitement and excitement. oh! collects...",4.16,18.24,17.18,0.0,1.0416666666666667,0.13651315789473684,12.44979919678715,5,3.15,8.49,0,1,0,0,0.9260287284851074,1,0.0,200.56490374181584,37.99371173395889,-4.153865855069801,-28.659593120775213,240.48407396385278,169.27482051428896,222.67574109621378,-445.86804,109.990105,14.392082,38.89393,1.5852499,10.486938,-1.3549283,7.3127985,-1.0482206,7.3056493,-1.7388014,7.0853896,-1.7573868,6.4570646,-0.52847165,3.1072636,-0.66117215,3.7381642,-0.23038548,2.0384722,-0.5161199,2.7427547,-0.7251383,3.2384398,-0.4802052,2.8379655,0.027716536,0.095748916,0.55797094,0.0,0.0,0.01613206507875019,0.07402489654826011,15.827022188555006
41,5,1, Okay. Computer. One.,4.97,12.48,10.3,1.2399999999999984,0.24038461538461536,0.9399038461538461,0.5967604433077579,6,0.125,0.44999999999999996,1,1,0,0,0.7967277765274048,1,0.3333333333333333,191.17709903868828,19.450233060032183,-5.373204536732496,-12.930306499262429,80.9155974841,174.46038200059755,209.10696765236315,-298.63144,94.276405,78.56549,27.979397,21.924643,14.095449,14.852111,15.319067,9.94717,11.681169,6.4678397,9.651829,3.2226908,11.910562,6.8965955,6.2734513,3.4004028,8.134855,3.6435483,6.154006,1.0733154,6.0904346,0.3876729,6.0719194,0.24222258,5.2693453,0.046029072,0.08799975,0.5130896,0.006225947,0.019486638,0.021836748550344214,0.07164053445956245,17.62930528587851
42,5,1, And then can I say pumpkin?,3.83,6.9973125,5.24,0.0,0.857472065167877,0.4887590771456899,2.046783625730994,5,0.72,2.4299999999999997,0,0,1,0,0.6050055623054504,1,0.0,179.99690499412634,71.99842563987475,17.118959433005774,105.01437063188695,286.3423805831029,151.20639609275221,233.54148400369337,-334.2772,208.46454,35.848816,41.642563,2.8790789,10.32842,1.6725032,9.600415,0.18818657,5.402267,-0.13562402,6.6751137,-3.1040614,6.5817885,-0.6947056,4.844122,-1.0971812,5.206367,-0.7182344,4.840208,-2.1755986,4.277246,-1.5319455,4.250351,-2.3678439,4.476655,0.056083817,0.07774984,0.35112455,0.0,0.10820471,0.031751510698534574,0.13280315209448554,10.964314226582152
43,3,2," Yeah. Okay, my first clue is... Metal. new",4.82,30.944,30.6,0.0,0.25853154084798347,0.765899689762151,0.4219409282700422,59,0.12305084745762714,0.42,1,2,0,0,0.651566207408905,2,0.25,117.287606959607,27.17379031583483,-2.594683657642966,-22.95189688121968,107.46598429667289,96.888768619073,132.13919716733955,-340.76132,125.31362,54.669205,42.164734,18.806576,17.959934,14.232464,14.219581,6.561702,10.484848,5.635092,9.360727,3.0116699,9.563851,2.2522755,10.486467,3.0667562,6.8389306,2.5699973,5.6998177,0.9971932,5.9894047,1.6771792,5.5436,-0.37137836,5.903037,0.037072826,0.09172514,0.4940243,0.0029635692,0.015182179,0.03504761149490185,0.08735160949225837,11.914385569549228
44,4,1, I'm gonna say... Oh my god! Plant... Two.,4.89,27.936,25.96,0.6999999999999993,0.286368843069874,0.9868986254295533,0.3264417845484222,3,0.13,0.21,0,2,1,0,0.8019054532051086,1,0.0,112.5336599124547,17.332813518275483,0.7866781949416928,-15.864341240425503,118.19069718815986,102.83834233247934,114.11223075479376,-335.5602,91.08149,80.73366,33.798794,26.41063,15.966398,20.239742,12.350904,9.109731,13.666297,9.775051,10.221457,5.6903896,9.189493,4.641227,10.29376,5.043689,6.466272,5.405851,6.793063,4.1598754,6.2292094,4.250509,5.7545667,1.3510414,6.4406843,0.03993334,0.091445394,0.5870807,0.005462,0.012968254,0.01600599928809927,0.0669061977785215,17.839826463398595
45,3,3, Um. Going to say rope and Three,4.06,31.264,18.66,0.6999999999999993,0.22389969293756398,0.1535312180143296,1.6666666666666667,7,3.78,14.25,1,2,0,0,0.9996080994606018,1,0.0,102.73011349812104,13.704783320271279,-0.3644662541064598,0.5726189460180109,107.05160069067836,96.39252715989404,106.98887370061958,-394.92197,132.14908,12.18716,30.290304,2.280736,7.4129424,2.3951778,7.082527,0.68517834,3.7699919,-0.11722149,3.054396,-0.66742903,3.7823455,-0.48171872,3.565199,-0.28838512,2.84843,-0.30705804,2.568182,-0.2788344,2.7151463,0.0231177,2.51513,0.045646414,1.8038746,0.031345997,0.09126486,0.6739672,0.0,0.0,0.014980131831464391,0.07098613405055507,18.787280055127326
46,5,1," So you only have to guess one more. Oh, so I can be like super. I'm going to say notepad1.",2.86,11.68,4.94,0.07999999999999918,1.7123287671232876,0.7217465753424658,3.3214709371293,15,0.218,1.5,0,2,3,0,0.726875901222229,4,0.0,108.95028265796545,28.146767846039843,3.0501247809209624,-14.546485177010325,249.47357460305074,97.50214233201808,111.70272854983503,-293.9226,166.60349,63.698387,49.593025,12.320358,14.762086,8.721416,12.690957,-2.3305283,14.499192,-2.243112,7.9800925,-3.9312432,8.212658,-5.1454973,9.25436,-3.3654392,6.630384,-0.50386655,6.682864,0.28206468,6.39492,-0.102701366,5.8153896,-2.0397449,5.8815837,0.060423065,0.07862888,0.3995935,0.0010591943,0.08464126,0.031441931926344494,0.11507002107066529,13.159946270765126
47,2,2, Okay. Good to see... paper... and... ...carapping...,5.07,39.968,13.7,1.4000000000000004,0.17514011208967173,0.12835268214571655,2.1442495126705654,9,3.873333333333333,15.42,1,2,0,0,0.6931056976318359,1,0.2,112.05376766265596,22.658592496997045,0.2283061013961675,-18.186276775692775,114.9934541993366,97.50929610301334,115.76928687369175,-451.2915,146.17793,10.846244,29.481054,2.1168196,6.777022,2.0355058,6.7203236,0.20647925,2.9193778,-0.32040194,3.3816445,-0.70339394,3.8311183,-0.8562702,3.6220553,-0.3861799,2.5064716,-0.04315106,2.4916778,0.12745325,2.4454167,0.2827624,2.3499203,-0.2514214,2.2215571,0.029855048,0.09130768,0.5652068,0.0,0.0,0.024282604187133367,0.08596870650270304,15.758707355346035
48,3,3," I'll see. Oh no, I can't say that. Is it a problem if I take a while? Not at all. Okay, this one's going to piss you off, but no, I can't say that. Oh, this one's really hard. Oh, there's a word for it in Dutch, but can I say in Dutch? If I, yeah, in French. Bowt in Spalens. I'll say three.",0.0,64.0,69.78,0.29999999999999716,1.0,0.3590625,3.176675369886858,36,1.1399999999999997,12.69,0,12,1,0,0.5921898484230042,6,0.1,113.99636116643158,32.26083533553047,-0.21102231693841733,-13.444147826928912,305.8893200868531,97.25843825545108,113.59625857739772,-365.84668,164.59793,30.885838,45.739517,6.654465,13.414392,4.537559,10.713798,-0.22907057,8.043474,-0.62602913,5.290286,-2.040052,6.310021,-2.343151,6.7581744,-1.4594226,4.6747956,-0.2628538,4.3013005,0.14974976,4.6014194,0.16409467,3.2927668,-0.7218023,3.4464736,0.044520702,0.08808367,0.5987594,0.0,0.041000087,0.028994245780599753,0.10561488781463713,14.101523243970897
49,4,2, I'll go with fabric and four.,4.08,24.48,17.48,8.14,0.24509803921568626,0.7487745098039215,0.3818876159301692,22,0.27954545454545454,3.15,0,0,0,0,0.9239479303359985,0,0.0,103.92110501006927,18.349059385844924,0.2917387724295592,-5.359348733095359,96.43263302999564,92.22731464623465,106.14081654478632,-295.11456,71.262375,82.065056,34.28234,30.506527,14.554941,19.898369,10.483283,12.235685,11.818156,12.34427,7.8786025,5.679392,10.032196,7.0948834,8.656169,7.727761,5.779694,5.773716,6.370772,4.237916,5.297037,4.040673,4.506463,2.0805748,5.7913547,0.043426096,0.08980391,0.74601513,0.010718342,0.020959176,0.033467410235379115,0.10289509789738749,11.867348926848193
50,4,3," Oh, this one's going to be a bit meta. I will say building and four.",5.29,12.288,6.46,0.1200000000000001,1.220703125,0.49560546875,2.955665024630542,10,0.621,2.46,0,1,0,0,0.5027897953987122,1,0.0,105.04352392567938,23.92504749517594,1.1540845935847506,-8.198224894624772,135.51622965962446,93.49259857831615,105.83780951737543,-330.01468,194.82385,42.214966,46.958008,8.844054,11.935864,6.587718,10.740756,0.97865576,6.752123,-0.6399546,4.825815,-2.6401887,6.124617,-2.123222,6.1854296,-1.853224,5.424781,-1.0485479,5.16665,0.08188958,4.881197,-0.19799052,3.7519174,-1.0330108,3.619947,0.057840094,0.07823077,0.34874928,0.0,0.11144757,0.027686668131193058,0.09991674379537503,13.793925604262744
51,3,3," I'm going to say... Yeah, I'm going to say building it for...",5.29,28.256,6.94,0.15999999999999925,0.4246885617214043,0.2484428086070215,1.8518518518518519,9,2.34,7.47,0,1,0,0,0.6948890686035156,1,0.0,98.83099505553564,6.858720290040017,-0.27882286907502407,0.3084482997825262,54.11620703491299,94.85954223383494,101.94791766783304,-398.17865,150.03354,21.815643,42.087517,5.018095,14.270627,3.7804062,11.340992,-0.2843044,6.9854507,-0.37784338,4.884444,-1.6375751,5.2818513,-1.380252,5.724574,-0.04029751,3.3758202,-0.49096715,2.9620829,-0.4108442,3.19498,0.2712862,2.972676,-0.4749771,3.3326662,0.03874948,0.09107326,0.50378484,0.0,0.0029009832,0.022116713775347047,0.0820157232614477,15.41478085424963
52,3,3," Let's see if I can memorize some of these first. So a letter already has two, so I want to get three, I think, if I can. I think you can also do two. Okay, the two, yeah. Okay. Yeah, because I think we have eight chords and one, two, three, four, rounds notes. Okay. I'll try, should I write it on first or say it after we say it first? Okay, I'll try hang.",4.6,116.768,10.7,0.1800000000000015,0.6422992600712524,0.9675596053713346,0.8408567888121792,14,0.27214285714285713,1.6199999999999999,0,13,2,0,0.7628666162490845,11,0.5555555555555556,123.08433916710486,50.99038609726471,0.346586503350743,-26.298001213081946,266.51257002313014,88.66741256072723,141.36603043044147,-309.06747,70.04798,82.60617,30.548134,30.224615,13.257777,23.20144,10.659358,13.480145,8.685724,12.066672,8.389496,6.650777,8.6122,6.266181,7.2542543,5.0924644,5.732886,5.321845,5.4194784,3.2954326,4.8153305,2.9769325,5.1413374,1.2850069,5.1450734,0.043419596,0.08985164,0.6433453,0.008445719,0.017529167,0.034758774580375906,0.11313098751404195,13.402238644204656
53,2,2, All right. All right. All right. All right. All right. All right.,4.68,90.816,90.24,0.0,0.1321353065539112,0.062433932346723044,2.1164021164021163,12,7.0625,31.23,0,4,0,0,0.606012225151062,6,0.0,99.83011835669429,19.282701322455885,0.031856076354885604,-3.4649073610876684,154.51933549165398,89.22920612115959,103.72490418124096,-421.03363,92.181,5.7462535,23.265442,1.2483733,5.403889,1.0878062,4.995136,0.68473125,3.1730006,0.42667255,2.6585248,0.08515563,1.9743228,0.08926154,1.4120977,0.14287977,1.6510415,0.18927404,1.7010267,0.085445605,1.3053427,-0.023988849,1.0647622,-0.13043475,1.2274437,0.020715613,0.0940961,0.6737421,0.0,0.0,0.044187290074363575,0.0901482563924994,14.63165182051813
54,4,1, Just think about which ones I want to get rid of. Get rid of that one. And I'll say a flight to.,4.86,25.664,2.88,0.20000000000000018,0.8572319201995012,0.7329332917705734,1.3290802764486975,35,0.19628571428571423,1.38,0,2,0,0,0.9201619029045105,0,0.0,87.62639788611938,9.866251382725558,-0.26294102686660537,-3.346225921754339,45.92751714619679,80.62213540115357,92.7081864548064,-292.8932,74.767,85.032005,33.967793,32.286316,12.319918,24.480413,10.940266,13.66179,9.9881315,12.719173,7.363517,7.132095,7.9958663,8.7199335,5.7320814,8.039707,4.853652,6.7568135,5.33042,4.624187,4.421696,2.66597,5.502192,1.0910676,4.857628,0.048906997,0.0869747,0.45608217,0.011479458,0.021284968,0.040790006078085965,0.10808694351120103,9.048225953642289
55,5,2," I think I'll say I'm still going to check. Yeah, I think it's fair. I'll say bird three.",4.63,37.536,26.24,0.14000000000000057,0.479539641943734,0.4108056265984655,1.1673151750972763,54,0.40999999999999986,1.74,0,2,0,0,0.8828385472297668,3,0.0,97.3666375906112,12.270352221826515,0.0012709436219014623,-6.035797664825068,73.82257606666559,89.74880989901854,100.82462866259655,-398.1012,128.7961,32.74664,50.699898,8.365489,16.862303,5.5053144,12.373635,3.6004329,9.478261,1.6797498,7.0242786,-0.858337,7.4698215,0.490491,5.931686,0.8672932,4.4894185,1.1861572,4.7687473,0.61092335,4.5252705,-0.21277659,4.619451,-0.7611493,3.8136046,0.036032557,0.0927141,0.66032135,0.0,0.0051545715,0.037676727508960915,0.09546323716552146,14.311533490424434
56,3,3," Let's double check it. Yeah, I think I can say monster 2.",4.49,19.936,17.3,1.0999999999999979,0.6019261637239165,0.2227126805778491,3.1531531531531534,8,1.8712499999999999,6.96,0,1,0,0,0.9112755656242371,2,0.0,102.47583499308386,26.359745126133678,-0.8327812483708111,30.13249230945867,175.03838550892837,82.14300055433182,114.65796889631864,-418.77454,151.4762,20.510242,42.154613,6.6775656,14.113174,4.622553,10.453758,1.7342408,6.923501,0.68942994,4.7026906,-0.18796667,4.822295,0.8961047,4.3618703,0.6031098,3.108718,-0.01808054,3.2198277,-0.3926662,3.580478,-0.6007167,3.2290459,-0.7937448,3.1247652,0.036572464,0.09066064,0.5405652,0.0,0.0,0.04669008554927449,0.15550701567556527,9.809563317906111
57,4,4," Okay, yeah, I don't immediately I'll go like this. Also the biggest.",4.93,70.8373125,70.08,0.0,0.16940224828546396,0.09317123655700518,3.0303030303030303,17,3.7799999999999994,14.28,0,2,1,0,0.6110195517539978,3,0.5,104.6367557984614,15.972523771910193,-0.13189573177775535,-13.394560139297056,71.71632033053362,93.3267336249876,115.62775478611746,-425.86862,103.315216,7.731694,26.802076,1.9788072,8.433472,1.5502508,6.7155013,0.64969033,4.171978,0.42520776,3.1359606,-0.026786378,2.7774768,0.048807297,2.205465,-0.09616047,2.0890732,-0.18871707,1.9810628,-0.072038755,1.9483182,-0.102016956,1.5284348,-0.22135933,1.4910758,0.02245688,0.09459689,0.75289357,0.0,0.0,0.0487259069486475,0.1422927417545234,11.16358307702511
58,4,2," everyone. them and people in the way. Okay, I will say aircraft 3",4.64,54.6346875,57.88,4.979999999999997,0.23794407170353085,0.9598297784717813,0.36231884057971014,8,0.27749999999999997,0.69,1,0,0,0,0.9996494054794312,1,0.3333333333333333,127.5534068592612,34.92308799272797,0.18034796818674975,95.98764711945554,309.93795243570554,106.98249088875926,136.8299016950836,-289.26187,69.17261,77.89262,24.140465,27.346748,13.064865,20.664007,11.735227,12.925678,7.714148,9.720319,8.738316,4.9107885,8.546925,6.988973,6.2865987,4.104176,6.476562,4.20922,7.106185,2.7208693,5.3543205,3.3858166,4.7026033,2.0483181,5.034674,0.035647076,0.09316594,1.0156624,0.008882839,0.02025425,0.029018669077324557,0.09314241287416403,15.3968213198743
59,1,1," I'm going to move my feet Xu. Right, yes? There's two words. Can I say it in? I really depends on the configuration. I think I have to do a single one for this round to be sure. No, better than a single one. Maybe I'll just risk it. I say animal. Three.",4.81,170.24,2.56,0.0,0.3113251879699248,0.5940437030075187,0.7020666468901414,308,0.22441558441558443,2.28,0,6,1,0,0.9361639022827148,4,0.0,114.10835359533846,34.074592234506106,0.028963248226185165,-15.7871197142168,303.5425118925855,99.67892759925329,115.3678996531288,-352.1456,113.81328,39.682224,42.646347,12.702943,17.199432,9.727444,13.071864,6.556285,9.914033,2.9951878,8.948543,1.915436,6.916816,2.8817415,6.8944163,1.0358053,6.335622,1.3968211,5.976655,-0.07006028,5.346099,0.2555165,5.1449447,-0.12098288,4.693457,0.03218504,0.09377649,0.75633794,0.0,0.010787373,0.02590318313052508,0.11177170480679222,12.997891718941961
60,3,3," Hmm, ... 0.3M",3.11,57.088,56.58,0.0,0.05255044843049327,0.8213635089686099,0.06397952655150352,57,0.17894736842105266,1.77,0,1,1,0,0.9995923638343811,1,0.0,121.33636532980769,23.025975965755773,0.2167897160082894,-16.21465695603429,102.91042752444521,109.74913312769877,119.27403004418395,-296.46753,54.352654,77.203285,19.230785,28.517113,10.931986,21.502813,9.189498,13.931226,7.2667747,11.303819,7.26898,6.7582707,6.1788707,7.983557,5.0225124,4.6060777,6.171166,5.306681,4.9368763,3.5380387,4.5468884,3.7909763,4.5173564,2.760549,4.4463277,0.031811062,0.094485305,0.88235223,0.010744509,0.017497279,0.013577518953879843,0.07729968523617459,18.91888274764629
61,3,2," Okay, yeah, we're three left and then I would say Okay, yeah, I will say Drops Three",4.33,23.648,3.2,0.17999999999999972,0.7188768606224628,0.33110622462787553,2.554278416347382,14,1.1292857142857142,6.96,0,4,1,0,0.923757016658783,5,1.0,127.90506746335028,38.097832079871246,-0.5056717377669826,-31.07047637974175,314.91158274287676,108.75729073689506,134.06158694022778,-355.501,169.80624,24.801186,39.834896,3.4257383,9.319093,2.5623941,10.078625,0.8577541,5.9970045,-1.1157329,4.8676653,-2.075419,5.631477,-1.7057962,4.9889984,-2.1059897,5.2807913,-1.262935,5.912284,-1.3155785,4.8071523,-0.6625752,3.9193165,-0.9002104,3.8261056,0.04581176,0.08600541,0.54012865,0.0,0.06317663,0.019617000055494455,0.07887927282375608,14.948165897536965
62,3,2," Um, circle three.",4.55,69.216,67.36,0.6599999999999966,0.04334257975034674,0.9583044382801665,0.06030453791647822,20,0.1455,0.78,1,0,0,0,0.9996259212493896,1,0.0,109.65479026339189,27.893993604024498,-0.2081000957389844,-3.9228049449490214,214.65103983360052,100.96467942788709,112.00189481881526,-287.84863,57.76204,75.17121,19.042099,30.336472,12.44423,22.800686,9.631439,14.641992,6.285214,12.351871,6.210328,8.324,5.841157,8.625394,5.1612334,5.692682,5.7541127,5.7343097,4.725916,3.438421,5.352429,3.7659838,4.675176,2.9457693,4.158201,0.03643019,0.09272515,1.0716157,0.012357876,0.019306302,0.017240311323065454,0.07141967139932151,15.357364375134283
63,5,1," Okay. I feel like this is the hardest in last round. Yeah. I love. Yeah. I just made my be risky. Oh no, I'd say. Birds 3.",4.6,92.576,92.10000000000001,0.519999999999996,0.2916522640857242,0.09851365364673349,3.618421052631579,18,4.636666666666667,36.03,1,4,2,0,0.8281530141830444,7,0.125,128.61062427778342,44.05788500578173,-0.19999479088571825,-39.6082066001873,319.58360663831263,105.93538220688357,127.92198628777815,-373.10153,99.094666,7.2860055,23.775421,0.96725464,5.7701464,0.9795993,4.779767,0.5760325,3.8605306,0.06900063,2.6735291,-0.21480013,2.8463733,0.018035246,2.6981235,-0.25635496,2.4426365,-0.16541071,2.4680552,-0.4416984,2.4263499,-0.17901206,2.1187596,-0.20577343,1.824708,0.020967696,0.09484707,1.131447,0.0,0.0,0.022949636970240245,0.11400691815574304,13.065187481353648
64,4,2," I don't know how this will come off. I'm sorry. I just have to update the laptop and password Facebook,",4.76,15.872,15.62,0.0,1.2600806451612903,0.5594758064516129,3.265765765765766,22,0.3190909090909091,1.29,0,0,0,0,0.9438199996948242,1,0.0,102.78044322173464,10.984420632940457,0.6579997720388028,-3.556515945626174,52.273066177075506,94.17017684061929,109.3113928222582,-378.7832,131.85414,40.798515,50.065975,12.0196905,18.317204,7.6574907,13.360248,3.8348396,10.92813,2.1338131,11.170347,2.261119,6.429279,1.634579,6.13721,0.8897962,5.392232,1.9437364,6.0067396,0.5173669,6.094558,1.483354,4.3466,0.11099786,4.7223787,0.036070917,0.09280792,0.5334406,0.0,0.009263862,0.018079996415382733,0.10684833967307905,13.27936566918792
65,3,4," ... hmm, hmm... Journey two.",4.65,15.296,12.48,0.6199999999999992,0.32688284518828453,0.904157949790795,0.43383947939262474,20,0.07350000000000001,0.15,1,1,1,0,0.9956399202346802,2,0.0,110.6492230023886,15.306589488288054,-1.4264453746854253,-13.28760149308603,79.01511783581951,100.49138951387278,114.54299507845745,-302.50314,102.56091,66.735535,37.485733,25.98382,21.78198,20.544123,15.020843,15.207026,10.937756,8.101658,9.124025,5.7580237,7.0675583,3.9535668,7.466296,1.5890704,6.6315103,2.2729528,6.167838,0.35493875,7.8534813,1.2867659,5.7869554,0.25687045,6.024776,0.043579046,0.08942236,0.74980533,0.0051154676,0.047975007,0.049108317793155956,0.18303611412109233,8.90635450135831
66,5,1," Oh my god wait. Oh, funny. We can start with the easy one. Shell 2.",4.39,21.856,21.04,0.28000000000000114,0.6863103953147877,0.33491947291361635,2.459016393442623,23,0.6313043478260869,2.79,0,3,1,0,0.7987108826637268,2,0.0,195.50216929467732,25.47358206413265,0.5969519392761069,25.959289858210184,152.39729878268307,180.61170815439004,200.62983614908705,-358.57367,163.18253,20.959824,33.52253,1.7996514,8.784493,2.1190395,10.533981,-0.8375666,8.643353,-0.8167737,5.3260045,-1.6451771,5.3264647,-1.085469,4.8879323,-1.466554,5.145569,-0.9177421,4.343026,-0.9354932,3.78409,-0.2842605,3.7734933,-0.5183026,3.5736213,0.04239419,0.08728958,0.67173964,0.0,0.032171573,0.018083126345719017,0.08118078446244088,15.924209944042795
67,4,3," There are not that many actually. What if the word is made from two words? Everybody asks. I can also just say, maybe, tail free.",4.34,61.76,43.98,0.240000000000002,0.40479274611398963,0.9681023316062176,0.6188325806991136,16,0.12374999999999999,0.6599999999999999,0,3,0,0,0.9387112259864807,3,0.0,201.25958252124704,46.00500484470393,-0.10236546272105883,-26.62189477436533,308.06158526756343,177.40586549154168,219.71660066368563,-279.37985,91.45768,69.395935,30.96292,21.671993,19.067839,18.36669,13.008905,3.4132676,12.441711,4.897927,10.387278,-3.5368493,11.482468,2.4902968,7.520209,0.42822456,7.563552,-1.2113826,7.5478597,-1.6245403,7.3907247,2.0734353,6.4520903,0.63259023,5.980861,0.04741308,0.087867476,0.6830739,0.005208135,0.04021394,0.021931203993963658,0.10942060387591458,16.03240900129064
68,4,2, Hmm. Fabrics. to,3.58,8.9813125,8.24,0.6600000000000001,0.33402690308348587,0.9586572118496044,0.4645760743321719,6,0.06499999999999999,0.15,1,0,0,0,0.9995980858802795,1,0.0,163.82099040415454,47.99577113946443,8.43016646685789,39.075609394719805,131.75142766794286,100.88299046541152,203.50734721205862,-163.29617,67.877304,69.66658,22.75769,23.469896,13.063669,20.197916,11.235378,6.1781425,9.542425,8.724001,6.7944274,2.9853723,7.041938,4.0334377,5.603297,0.9830143,5.546023,0.4082287,4.373723,1.0464256,5.5229216,1.6348902,5.220927,-0.9616061,4.2786264,0.058943745,0.07662494,0.4482157,0.02453191,0.055130426,0.06646996316527937,0.18374020428958304,5.898696387254492
69,5,1," Yeah, blocks. One, two...",4.43,3.9786875,2.0,0.98,1.0053566659859565,0.7313969745047832,1.718213058419244,5,0.21600000000000003,0.27,1,1,0,0,0.8084771633148193,1,0.0,188.06785575928737,52.8343952078423,16.90691640336802,37.818748151497374,178.12352907119083,187.9036791238876,222.7667958683216,-264.45724,111.741585,62.04436,46.142406,11.675183,25.272877,8.371478,15.3111725,0.6210242,11.348192,2.8668718,11.821423,0.15900958,9.995892,1.9535679,10.606466,-3.8112032,8.275452,1.9747807,4.936388,-0.9606515,7.972566,-1.9893409,7.091053,-2.682588,6.1570215,0.04996476,0.085512675,0.4713868,0.004299609,0.069803484,0.04354098161060668,0.1346652115284308,8.083961804625561
70,3,3, Let's do this. Do this. Hmm. And she went to,4.68,27.584,26.92,0.21999999999999886,0.36252900232018564,0.9777407192575406,0.37078235076010385,7,0.08999999999999998,0.18,0,2,0,0,0.990840494632721,1,0.0,208.9694500586802,36.616605182581935,-2.2336323159126152,-61.59510590006079,161.72194064710007,182.81286369642487,239.10020635579787,-238.5129,70.261986,62.449196,24.128513,21.752539,13.973334,19.893606,8.832649,4.34109,10.102942,7.6947694,7.7898774,4.278259,7.236227,5.8883996,6.6340947,3.2753515,5.8499618,2.6118023,5.728073,1.5263349,5.682665,2.9261615,5.4978623,-0.6725437,6.5428753,0.044027742,0.08920252,0.54658985,0.010128178,0.025205966,0.018635987315154513,0.05027697652376508,18.085017470498663
71,4,2, Mathematics tool. Mathematics tool.anaffi-matics tool,3.75,28.0106875,27.3,0.0,0.17850329450142915,0.8707390705779714,0.6560065600656007,30,0.12100000000000001,0.44999999999999996,0,2,0,0,0.8286692500114441,0,0.0,176.61922266824644,55.09987284795562,1.1858596239011234,-1.103423323476136,265.0850480393946,111.58662192161123,196.60874038441546,-200.23024,46.278458,69.285675,19.615217,28.576216,9.602024,22.710978,6.523963,9.525791,7.877111,12.364456,6.521155,5.826485,6.8002768,8.114767,5.311439,3.7537725,5.434498,3.8403528,4.6943264,1.9659654,4.6461678,4.275806,3.90531,2.4325516,4.2990127,0.05295804,0.083911896,0.6441689,0.02660605,0.042142067,0.05460597574656423,0.15497681934599108,9.09860446051205
72,2,4, Okay. I think I can connect all four. It's a family. I have to... guess... randomly. Okay. Sphere... free.,3.91,42.464,23.38,0.35999999999999943,0.4474378296910324,0.3030802562170309,2.175602175602176,47,0.6300000000000001,3.6599999999999997,0,3,0,0,0.9078787565231323,3,0.2222222222222222,199.40758127867585,44.15265239711895,-0.20185978402152227,-21.584146737371384,307.5952555033931,171.90280030373376,217.16781133516474,-354.8006,150.31413,18.033398,31.326426,1.1094198,10.7104025,3.2903552,9.550356,-1.2417594,7.5328994,0.14046746,6.7411323,-0.28854573,5.392998,-0.8351717,5.049782,-0.18080102,4.96052,-0.71858835,4.7411885,-0.4617971,4.3280845,-0.018348867,4.1133685,-0.48313555,3.744905,0.031649146,0.09106413,0.95994484,0.0,0.02083833,0.015566192908197702,0.10018387907761256,10.669956028759483
