clue_id,transcript,clue_word_frequency,duration,clue_latency,clue_number_latency,speech_rate,speech_ratio,articulation_rate,pause_count,pause_mean,pause_max,pause_before_clue,pause_mid_speech,filler_count,repetition_count,disfluency,verbal_hesitation_count,meta_comment_presence,pitch_mean,pitch_std,pitch_slope,pitch_rise_end,pitch_range,pitch_p25,pitch_p75,mfcc_1_mean,mfcc_1_std,mfcc_2_mean,mfcc_2_std,mfcc_3_mean,mfcc_3_std,mfcc_4_mean,mfcc_4_std,mfcc_5_mean,mfcc_5_std,mfcc_6_mean,mfcc_6_std,mfcc_7_mean,mfcc_7_std,mfcc_8_mean,mfcc_8_std,mfcc_9_mean,mfcc_9_std,mfcc_10_mean,mfcc_10_std,mfcc_11_mean,mfcc_11_std,mfcc_12_mean,mfcc_12_std,mfcc_13_mean,mfcc_13_std,energy_mean,energy_std,energy_range,energy_p25,energy_p75,jitter,shimmer,hnr,confidence,difficulty
1," Okay, let me see here. So, mm-hmm. Alright, this is tough. I'm not gonna lie. I'm in a ward door.",0.7586865431777834,0.32079432132116004,0.9109261626037896,0.0,-0.05156541760740683,-0.20330871543180437,-0.27169962721883667,1.287503833272905,-0.3533978175918786,0.0,1.1445004990792602,0.45574639440832615,0.0,0.0,0.9784546830524246,2.3764444280235226,0.5640461055524323,0.1312643545950832,0.3840604241120647,0.5768255471523723,0.38468356725904246,1.694177849497236,-0.34165132336918025,-0.04045585727384195,-0.512645990109749,0.14831758140402532,-0.48520265320326306,0.917436984307103,-0.38867052605477714,-0.04154448609432889,-0.4802001488491944,-0.04518363136520687,-0.7068872814822877,0.6464374287462521,-0.5452138437994792,0.2757821119916741,0.07823617354829215,0.15161890033312186,0.26823913873619853,-0.04766409161877774,-0.4170449506406845,-0.3996019561776787,0.0875638819603119,-0.40764333394673086,0.5685178177905776,-0.43036033355152564,0.22387610471595354,0.5135553931907204,-0.2031950529524937,0.45254816023845473,-0.3342606841993288,0.47686153035239665,0.5110010671179841,-0.6145920698305585,-0.04391980702277704,-0.8778062296907007,0.7590707981665591,0.6739085333105748,Neutral,Easy
2, homo sapiens to,-2.2847801645124046,0.0,0.0,0.3518026347190701,-0.6346245993908182,-1.0681989282994313,-0.024220114875780588,-0.46049407175454254,0.665543911502099,0.19367984544491598,0.0,0.0,0.0,0.0,1.0316203498508565,-0.7345373686618162,-0.6975481423695757,0.5969296294161627,-0.2875146841742096,0.690136629549645,0.0,-0.7020732488200884,1.3955684415867788,0.19648635005912748,-1.59165374750484,0.1764773020523695,-1.1855406996923057,-0.43039838862107105,-0.47518550880579075,-0.16156166541335526,-0.750350319837748,-0.37439602290678325,-0.4719836705394264,-0.2733070470512199,-0.3846561909659197,-0.5442918078260754,0.09374093575657509,-1.098372552193575,0.11605372895878907,-1.2587740746974687,-0.27168949089845174,-1.0429872614087947,-0.019722515912204537,0.20439973284356344,0.05334393562332926,-0.44437426564376703,-0.199146319372311,-0.6324625615390054,0.06986277143330111,0.1835642984832368,-0.7635867965534079,0.6277878660969455,-0.34970765234616463,-0.6145920698305585,-0.9292461233518651,1.0534971829307722,1.899700696531515,-1.2150637431885958,Confident,Easy
3, Amendment Now.,0.9941409876122674,0.0,0.0,0.0,2.3762911156074704,0.4419782388940964,2.1811832477230153,-0.7988162469211453,-1.4872397886510342,0.0,0.0,0.0,0.0,0.0,-1.4589543768773467,-0.7345373686618162,-0.6975481423695757,-0.3241147440441933,-1.3302659332779576,-1.1700817131666226,0.10854653765399294,-1.450950529069469,1.0061287686179428,-0.3028282450523169,1.1872835408699214,1.760213949377254,0.5211097771453298,-0.05658933076986221,-0.19751329924521627,-1.1239776883474535,-0.22994520954376824,-1.3132179997838862,0.8176790019224084,-1.2098781153277736,0.029595509180574395,-0.8375073559288663,-0.1690358202211274,-1.2107615229093398,-0.714790047303984,-0.6931609445220652,-1.5584624109357315,-0.3973394802554099,-1.754561875454394,-0.10424605854048132,-2.3107502272471985,-0.18042295181182527,-1.197424721785196,-0.20847047843382374,-1.064161095453707,0.17073932856780666,2.0968175547801415,-2.601546164489535,-1.518996286744688,-0.6145920698305585,1.697957662624112,0.2848166177493942,0.3065893064979799,0.07462213496898522,Confident,Easy
4," This is tough here. Scalpi sensor, 2.",-0.25289551439259444,0.0,0.452497792450927,0.8208128612135523,-0.5583757569841804,-0.9657971992218715,-0.16110722014053339,0.1597632493842291,0.55857852420967,0.6362061583399115,0.0,0.134825925740076,0.0,0.0,0.6241296185725953,-0.21604040254759302,0.8794446675329343,-0.37851056095993574,-0.24651996249425756,0.530521985779782,0.0,0.1276160236975912,0.06377063651634383,-0.3392064401166794,-0.845374703387949,0.3280623176857124,-1.1285551153976208,-0.13424800667440015,-0.7862470551395976,-0.8102454557379616,-0.8049706072134722,-1.1209901235119275,-0.21073964439585308,-0.6036503335918023,-0.19248237556266012,-0.8473739483888773,-0.19713393678738853,-0.34888833019384424,0.20933832055536683,-0.33342553892871496,-0.04604407467078391,-0.6811806991252244,0.34454657774422376,-1.155321427664415,0.4946794382729614,-0.8353117051108617,-0.3010534700647782,-0.5888124769300989,0.45995363086380603,-1.1596736666051393,-0.6946161612849248,0.4719995355666175,0.1499887707860619,-0.6145920698305585,-0.8786929998201162,1.9262256341746051,1.6631842699614106,-2.0110551927562046,Non-confident,Difficult
5," See, I don't know how to link some of these. That is insane. I can't do it. I will leave it now. Okay. Kind of, but yeah. I'll say, found ten two.",-0.26161604937164923,0.48851768813617147,0.0,0.0,0.3674253081333452,1.4215301626724768,-0.5066099138363823,-0.40410704256010876,-0.5188661347969404,0.0,0.0,0.8933805557190825,0.0,0.0,-0.19913234544634656,0.8209535296808532,-0.24697876811171598,0.3126643075729002,0.3949532807156035,0.4729072399009239,0.0,-0.2673052922904695,-0.17551402308334924,0.1597569996417182,0.9058885927077436,-1.2021444621536876,1.3463887487912658,-1.4449195755547504,1.4181925675621954,0.7756151483803143,1.2315497764544272,0.5645860432886312,1.9052812668533532,0.3537416096495683,1.8170180879236884,0.7447130535265121,0.8023859732661246,1.4684972384971646,0.48281706942885194,1.4943319891841251,1.0286008677031842,0.5754143459395379,0.5049018071107813,1.4773231816681953,0.37551457866704935,1.1330183782492445,1.3558122372895856,0.7583236915673391,0.9003565021224809,0.5096585527506454,0.1873581598504923,0.1509841555817484,0.007846597729669176,1.7687963309349226,-0.2457066194046342,0.1135468670193411,-0.18625051615522276,0.03616460024374957,Confident,Neutral
6, Train track or track 2,0.706363333303453,0.0,0.0,0.018484211979746028,0.08652191258119013,-0.802222788271752,0.006199241849720111,-0.5732681301434102,0.7201215264355584,0.0,0.0,0.0,0.0,0.0,0.33272342757998513,-0.7345373686618162,-0.6975481423695757,0.2172317371228088,0.05916516537733983,0.6772028127635307,1.3226702819153482,-0.047710289740002076,0.33997850313258926,0.0799564629402949,-0.8708074570457155,1.0567344210498835,-0.8554606007396146,-0.16239022044336446,-0.7259731951873007,-1.4875996532912816,-0.767059196500582,-0.9584386164292191,0.10011764424932316,-1.4816753925427424,-0.40540791679706417,-1.132408520453716,-0.2749131713925627,-1.0372858242283005,-0.34161506687924253,-1.1540652369904758,-1.133996661036898,-0.6407509513720423,-0.17406828653847747,-1.2632491248207502,0.14948810174738483,-1.0129539506225576,-0.5609747717984411,-1.3806018532190967,0.4844745510495549,-1.2409184743519126,0.1346421236447595,-0.20019469559246014,-0.35004334076967647,-0.6145920698305585,0.8518808071760428,-0.18814412155156085,-1.3915894964683195,1.383096047933292,Confident,Easy
7," Okay, one more. Magnify.",-1.255757036983917,0.0,0.0,0.524891705999162,0.8793804333005111,-0.19995712838525181,1.7629170927473823,-0.6296551593378439,-0.2402928919074062,0.0,0.0,0.0,0.0,0.0,-0.2113659641036602,-0.21604040254759302,0.8794446675329343,2.7022558655160593,2.2106205534205716,-1.8676811108597662,0.0,0.08664880948648676,1.0156508308962955,2.9843809864110247,0.1637181035595796,0.48060712586535204,0.3186226296325992,0.7373951712358687,-0.3744850548712489,-0.09032926425126894,-0.31748436814377085,0.418553972297441,-0.49787581958529326,-0.3403251169212893,-0.6850917086317142,0.7059745358398272,-0.08163431010198606,0.7475410559219132,1.0361007355606948,0.16310310840895031,-0.12120512670559559,0.09115904781754734,-0.32120947787923726,-0.12934815660369597,-1.0789109542567237,0.31072644946707906,-1.8252153822467483,1.3015447355674088,-2.027966549239795,1.397686626886338,-0.13563135718589212,0.31526372185252777,-0.19688430584320185,-0.6145920698305585,-0.222917815952591,-0.7277170562901559,-0.33120752002127474,-0.09394784111914328,Confident,Easy
8, Hmm. Sign. S-I-G-N. Sign.,0.7586865431777834,0.15443098276092918,0.7930536191399865,0.0,-0.9944719835817925,-0.39173123406525684,-0.9686646679594106,-0.06578486739350604,1.4917883598003079,0.7134217814389681,1.1445004990792602,0.134825925740076,0.0,0.0,1.0312166790800248,-0.21604040254759302,-0.6975481423695757,-0.0963176090321566,-0.2018015459298629,0.5040977965840556,0.0,-0.12991042685866694,0.19849447197156886,-0.2192510283961837,-0.6952972753410944,0.7993828908055014,-0.5780874286400722,0.4144980396143002,-0.22511118680230932,-0.3754889703509325,-0.25803152517431566,0.20399739997645283,0.7057175521824908,-0.5009288637189466,0.3641118007507855,-0.3950468535595669,0.48249404475461294,-0.667835097469061,0.17508884173994138,-0.7520065040330112,-0.425871239038626,-0.47486671681679216,0.15491040811619958,-0.9201562743932746,0.49412824139793865,-0.9160183531096874,-0.3283462400988883,-0.9880595851613891,0.05760246406138178,-0.8636358189433369,0.2721691464492484,-0.07324177851870366,-0.18667578678151991,-0.6145920698305585,0.638443818869389,-0.4047732192926265,-1.044924477064434,1.518630294762926,Non-confident,Difficult
9," Okay, let's go for easy one animal 2",0.5232320987432985,0.0,0.0,0.0,0.8610863373822132,1.5462024568084072,-0.03438499893009392,-0.7988162469211453,-0.6382546674638832,0.0,0.0,0.0,0.0,0.0,-0.5168456051544581,-0.21604040254759302,2.4564374774354443,-1.340511949650544,-1.0312330123075273,0.3940089805723161,0.12430477411241099,-0.5029940036846354,-1.6033342667747474,-0.9264498834331433,1.5321213412181125,-1.4352675078237533,1.7113479510152494,1.0003635726206022,1.7113573932081634,1.8653452531038712,2.4615737876666377,2.4912800593703057,-1.934918978222228,1.1237458472324346,-1.8961550885638296,2.403595154827762,-1.8774123757025962,1.8831422379783047,-2.4664535157577716,1.3808425578613568,0.4148695189340849,2.5268646267638912,-1.7673339999840014,1.7912664007165944,-0.3609692918907582,0.6036374710264566,1.587454620793535,1.9430345344191533,-1.2207882162417143,1.9380152190546667,1.679764613364414,-1.2562297712454695,-1.0491429246206438,1.6539352815787887,1.7276984838453744,0.7180611910509036,-0.627988667922657,0.0648906580575385,Neutral,Neutral
10, Cloth To Cloth,-0.15696962962298938,0.3809075335882889,1.051471818346528,1.1945777222204197,-1.1167867708348926,1.513530326586149,-1.108094281697017,0.3853113661619642,-1.3569977530143689,0.0,0.0,0.0,0.0,0.0,-2.1679229058830893,-0.7345373686618162,-0.6975481423695757,-0.671036714043394,0.65679851504448,0.5364643061678446,0.0,1.7297836715355455,-1.2118107506925166,-0.3520233986205239,0.8281899174207793,-1.4164772444621492,0.7784879970415638,-2.199321965437042,1.6783168840262042,-0.09200071184942323,0.7697077596579663,-0.0024315028940136694,0.97922699518659,0.8457318079978707,1.5480428421902657,0.051841473135595985,2.3022573190676057,0.19495859902373,1.5386554918807602,0.7568731571271099,0.7810651240852449,0.21198302865207916,1.5122436541372253,-0.21321572975086137,1.5834838271049887,0.5365124101402184,0.6852588789835725,0.19490791598121104,1.5693004531143926,0.04562715755601843,-1.1372262022564366,0.9122235358719004,2.135010072733988,1.4534176966058912,-0.8112268563986196,-0.2625342829558553,-0.4053119735576125,0.04761645887282783,Confident,Neutral
11," I think I know one. Okay, thank God. I'm gonna say... You know what? Actually... There's no way I can relate these. It's adding the difficulty. Who is the landing? I don't know.",-0.47962942384802376,1.304339751003119,0.0,0.0,-0.5593361295910748,-1.0432413517704633,-0.10095451022393437,2.5280184755504482,1.5584943336078696,1.2295592800617376,0.0,1.1967672294392158,0.0,0.0,0.07775261916996538,1.3394504957950764,-0.3471052957245736,-0.4931757057360125,0.7381209717173673,0.5044679314624457,0.0,0.738261732151078,-1.4451442151834264,-0.5336076805765207,-0.7406070105367536,-0.3321256581309488,-0.9963681040065532,0.2536130129746336,-0.5388320078506701,-0.06938419204295387,-0.7559752585319918,-0.2533594650101023,0.004078662788568854,-0.4999775355420685,-0.26976445143307726,-0.8631898401709858,-0.09881437281011342,-0.46439682667283533,0.3004817024840193,-0.7994069696589385,-0.441975667699713,-0.8058689225259377,0.02874663685132501,-0.44342141138594876,0.6790180949278124,-0.9987142383742749,-0.28905021156180166,-0.9877872422277115,0.38579360046843447,-0.9436079383799274,-1.0485681931883906,0.8311185266015018,1.4417282054837441,-0.6145920698305585,-0.9165668469109022,0.33675309146601845,-0.41479294493216146,0.33897057333153335,Non-confident,Difficult
12, Child,0.9505383127169927,0.0,0.0,0.0,-0.6555444490145637,-0.24878383951530222,-0.7745642474381296,-0.6296551593378439,-0.3994776021299967,0.0,0.0,0.0,0.0,0.0,0.4783238201590501,-0.7345373686618162,-0.6975481423695757,-0.6566786107567815,-1.3463837722036136,-1.8488704059065262,0.13787526020826035,-1.2755442959046062,0.7578629263816753,-0.7067582655829575,0.6391846881499599,-0.36378071566955617,0.5532574980534221,1.104560706747991,-1.0958490108396488,1.6111716858947662,-0.0988146899841875,0.3895998869683162,-0.6896957289576453,1.9400857110697158,0.6200033357084305,0.43791199700671923,-1.060170459377435,0.3817821219127205,-0.6039163994036266,1.2433525478679182,2.1917541109039704,1.037174938508822,1.403983189848249,1.163612201877803,-0.6475435621373635,2.2342610893415054,0.848809275145518,0.07482792678528778,0.5887669407743586,-0.49000344525685524,-0.25686220342068405,0.34497353792253016,-0.5941244167455512,0.04058724952486669,-0.8677037036534156,-1.9719256746101281,-0.22647947503577726,-0.817832524417491,Confident,Easy
13, I'm just going to shoot something. Device 2.,-0.9922272059368248,0.0,0.12312787004096287,0.04655489012729755,-0.7308777086981758,-0.5277095800993524,-0.4335366785666509,0.8395642211560522,-0.21185904727654187,0.0,0.0,0.0,0.6614378277661477,-0.46770717334674267,0.0034758027442810084,-0.36689969285267143,1.1616754262350424,0.03351691513897553,0.2324219215304596,-0.03573576457133217,0.0,0.8443464827627013,0.5289993827875499,-1.2275223461498752,0.4931975131412124,-0.8351389134034736,0.9349117518062865,-0.512158818078584,1.1291213964464943,0.9362728808652253,1.03652260939075,0.525109532711469,1.2992661398610308,0.4400106030587154,1.0879747476490267,0.5900987332742671,0.8584650025410929,1.1297295419716311,1.3084745250311738,0.6244404966774466,1.0629483877914463,0.04186728456605426,1.2898856764807278,0.15682249350068725,1.3867647145115323,0.1841544890490748,1.2671303732122436,1.20603175386955,1.4656089494539586,0.8346906948836172,0.2868416295980687,0.23115491891316875,0.21954088587928047,0.8721304972310902,-0.18378145801010148,1.0842460072494957,1.9615746971172385,-0.9761961090639377,Neutral,Difficult
14, transport three,-0.9624975518263587,0.6700787360973028,1.098176075899365,0.8343327212912304,-1.603888268886764,1.1494203586850715,-1.0377295018327193,0.45938419648161344,-1.007076013462091,0.0,0.791912624444047,0.0,-0.6614378277661477,-0.46770717334674267,0.8024430818850046,-0.7337993857053429,-0.8586296628693791,2.11044307930297,-1.5430700839021836,-0.4694426181878894,0.0,-0.7277805201201407,1.501572685996595,1.2236465455388426,1.268844222874911,-1.2228449053665247,0.8032061554921051,-1.6401912785806512,0.9946698925982791,-0.2557932323193238,1.1071376624450942,-0.4899905622032936,1.0648708781289324,-0.37023464836176356,1.2325218059718184,-0.46314928701011854,1.1271856238015572,-0.11870058150558002,1.0568261559389507,-0.29601881031169025,1.2026133792822309,-0.42058048363120637,0.9679645803450151,-0.2460824068750632,1.1917963926374786,-0.22772245181493192,1.4769876952251895,-0.35717058803547413,1.4682131370308635,-0.056296697289141585,0.019361941177834876,0.3420857207050951,1.246348001800107,1.6935229496261222,0.02307911199087774,-0.7160033024500159,-0.7042505886976352,-1.496265245581288,Confident,Difficult
15, Uh... I'm gonna go again. Travel. Three.,-0.011148620291422802,0.0,0.0,0.5489358782933278,-0.14955542816726047,-0.8795348385755976,0.24197148431678409,-0.617792540095963,0.8579755914285249,0.0,0.0,0.0,-0.6614378277661477,-0.46770717334674267,0.7365435315071731,-0.36689969285267143,-0.8586296628693791,0.42404915184699193,-1.1432975165051376,-0.5450466724483254,0.6319213773759126,-0.6868675494428296,0.7916689099047325,-0.6915537233215707,-1.167457693383829,1.1766298796377024,-1.2070821520365678,-0.2978652913221971,-1.1753608758877558,-1.4641802210579344,-1.0643317953929574,-1.3439025526382036,-0.9526124759675444,-1.2720717609388366,-0.8636006994061055,-0.9191043553545793,-0.3889156196022178,-1.1129793028147585,-0.8777138856756078,-1.48364616684052,-0.8366435724438427,-1.0676730088159119,-0.45014501185297934,-0.9382403026359021,-0.49672079885444265,-1.0513786745172509,-0.7010037656485268,-1.2768937784837289,-0.7847238362293626,-1.0503246436116365,-0.5737946859793776,0.14553669729935725,-0.1707570601533698,-0.861826438476165,-0.04597358785490241,-1.1466981404169123,-1.3307889383459464,1.6923771445461933,Confident,Neutral
16," You know what? I can do them. You could do them one by one. Yeah. Now make it fun. The thing is it doesn't matter really. I do two, I do two. Okay. Okay. Face Two.",1.3266858146795801,0.6101842454171787,0.6296906794107172,0.03461753100456463,0.3925241558399003,1.1119428627388446,-0.5733079113674562,0.015840834361434946,-0.9087812220135729,0.0,0.0,0.7945312446040493,-0.6614378277661477,0.46770717334674267,-1.942048305819358,0.36689969285267143,-0.05050762722761047,-0.4060382902776233,0.5053053946820826,-0.6758431009685505,0.04167548956190439,-0.15640321456580142,-0.9341364627402592,0.4059495744952957,0.45297937996346493,-0.29440729496991086,0.5581643066163002,0.11115546636914286,0.512673221974315,1.2130949977626484,0.3841365341971384,1.0079648441357218,0.3689207244076676,1.221418023898054,0.45005557916934646,1.3268723144011099,0.2714386292977119,0.8296053114833868,0.2924320866548726,0.9571104039242389,0.09004216377627573,0.6589097262763939,0.16359562842963501,1.5697073525434428,0.3328364078543002,1.4565147804995913,0.2815781898038241,1.0807849647080359,0.09704752309816797,1.4935441781293186,-0.23892966424687448,0.6407438274790909,0.0018106617507669173,-0.12321372675561468,-0.28733600443410395,-0.6555665435738078,0.1613339391355212,0.40407583879941944,Neutral,Difficult
17," Okay. I'm a shoe with a tongue. I have some foot fetish person, God. Then I'm supposed to say that in recording. I don't know. Okay. Let's see. Okay. Okay. Okay. Okay. I look a little bit. Can you do this one? Difficulty 5, C, 2.",0.16722930437137634,0.9668715804916074,0.0,0.05050255168805571,0.23036370466759953,-1.0601478641648596,0.9399975842006167,1.8533776202878889,1.1959575173972465,1.210373423471702,0.791912624444047,1.0728458378691872,0.6614378277661477,2.338535866733713,0.3060554574965519,2.2013981571160284,1.1616754262350424,-0.8784358433449421,1.1250386615494457,-0.6516335088160508,0.0,1.3415133997566788,-1.2918556592014152,0.11484032139896413,-1.0591769993159075,0.16936013149173224,-1.0767406119662872,1.0218450132944636,-0.8403551437433144,-0.21969707505970254,-0.8707874800103236,0.025324464921724417,-0.7194906958812318,-0.36056816946009385,-0.5690053280653913,-0.77402549188114,-0.35847503319741814,-0.8862196161789491,-0.9692182805617404,-0.33642554042535366,-1.1104430963178094,-0.35328365855104804,-0.8019665551717974,-0.45146802747497783,-0.7839328385821673,-0.492921885435126,-0.8872819276883381,-0.223163666031125,-0.8186346292523178,-0.6073243163818268,-1.160826308639505,1.272489429511331,1.3084769350087955,-0.861826438476165,-0.79270603780369,0.33510054480310325,0.017513603415318577,0.28600881351829927,Neutral,Difficult
18, Focus. You might mess it up. So I need your focus here. I might Animal,-0.5760120483902916,0.0,0.0,0.006196706361468807,1.2003940979046206,-1.1157388877458265,1.9400018744319292,-0.617792540095963,1.4137519050365732,0.22098214718704634,0.791912624444047,0.0,1.984313483298443,-0.46770717334674267,0.37097867030192583,0.36689969285267143,1.1616754262350424,0.14192469720755369,1.1333274487675506,-0.2248560876104224,1.0926864464941297,1.2646404444838837,0.09063837346765838,0.9042135148482012,-1.2332688748159417,1.0833231729221775,-1.2783496187906624,-0.24086207595653128,-1.3011641624749277,-1.3189375837786879,-1.2316063433983704,-1.3975838277971162,-0.96515615498577,-1.3774126661986243,-0.7149611413890347,-1.3653749004716675,-0.4586385690885155,-1.1406410941666585,-1.083198400395768,-0.9432276989611402,-0.967291178600582,-0.8301269555608116,-0.7634371425456891,-1.5070820088897847,-0.6710095225507193,-1.4517745572762482,-0.6202255860678884,-1.1466119605654725,-0.722483220611574,-1.4659119323605405,-0.9290291664284354,-0.26898331010885523,-0.11163868687036978,-0.861826438476165,-0.8653707968818185,0.03611329111626004,-0.2224197367187521,-0.40555116971998634,Confident,Easy
19, per se en de,1.6239823557842463,0.0,0.0,0.006196706361468807,1.3316236530053354,0.3888224368633927,-0.293406201567487,-0.871245889878922,-0.8314484321996088,0.0,0.0,0.0,-0.6614378277661477,-0.46770717334674267,0.8026156559146038,-0.7337993857053429,-0.8586296628693791,-0.269750167885448,0.29477242453041713,2.341150717761176,0.0,-0.720604089204478,-1.0690726991707091,0.6972646099601043,0.33874369841343255,0.9937282280539232,0.39064555904098214,1.6819235706390132,-0.13974110324734854,0.695100754113162,-0.3661973158567398,1.229365334915486,-0.9645786902829954,0.6939362757728819,-1.388491350167926,1.0036688920577879,-1.9177115489516765,1.3023809109114846,-0.6271200287976713,1.5483346756361684,-0.554558929391315,2.101497629961168,-1.3990845681187385,0.9231609265611042,-1.421579412698201,0.9960491485036994,-1.1623665826902916,-0.3478100034047183,-0.9139647716641165,0.21857379861468917,1.9873258240333491,-2.159849177161829,-1.7641963404208147,-0.6760503326062502,2.3385861993030517,1.7332128394376616,0.6920016923749429,-0.20596229955011627,Confident,Easy
20, Too Jingle Bell.,-0.5760120483902916,0.0,0.0,0.0,-0.6705842056652552,0.932945512298329,-0.7839906496150161,-1.0613359022161415,-0.508520298910529,0.0,0.0,0.0,-0.6614378277661477,-0.46770717334674267,-1.0800638940301839,-0.7337993857053429,-0.8586296628693791,-1.1557095419884758,-0.6044982506526326,0.2614070348413941,0.0,-1.1588449536700174,0.38218546895584865,-1.4268384967699579,0.9061387531226505,-1.0706502983656268,0.8752446098378426,-0.12384658636465698,0.8201567743342586,0.41413947947461216,1.0051261286254092,0.4437127659542132,0.8687802747199111,1.0249223422296652,0.765506386238266,0.6010140949843398,0.8666515151994658,-0.0031751697005569326,0.899517827805791,-0.07056735969915033,1.1133328459035958,-0.13061053424463936,0.9931873924338267,0.49318197327049224,0.46184505768221945,0.5870791509911908,0.34518160385378877,1.0648332779429313,0.20893684817438035,0.6330489180155217,0.6090504304849409,-0.20317810663736083,-0.729584396994395,0.8190899279331473,-0.18649742630931293,-0.670404696165786,-0.5749646682806852,0.7015130270514218,Confident,Easy
21," Can you try saying something? Hello! Hi, hey, hello! Is it working? Yes. Third. Should I start? Yeah. I'm never... Okay. Then... Fly... Three.",0.09577585694618733,0.0,0.0,0.0,2.152581345242394,0.17417628324958492,0.1065609774810348,1.6969710848141037,-0.6543710081625508,0.0,0.0,1.322476344620653,-0.42817441928883765,-0.28867513459481287,-2.0469136067935287,1.6459136239048755,-0.6148798306848562,0.17827178538236468,1.4930280656071866,-0.3439241839597556,0.0,1.2109158961015516,-0.6201121485280818,0.4267290038003351,1.2515331101040694,-0.3859178966780635,1.2131879122858078,0.3867295741533156,0.3328018822730922,1.593652394712149,0.8942740991900839,1.0256951147730382,0.3326328313461114,1.4540609676633525,-0.392763600508644,1.67685361239904,-1.299699242436819,1.7054134414532887,0.13150546744489158,1.3032187465824416,0.3839164748716518,1.1587416895405898,1.1228799004798071,1.1832799731436012,0.4011211679993592,1.0574237708527476,0.3338747993123813,1.0005168257674035,-0.6284503122393873,0.6696450144936372,1.4522259591279632,-1.5205379245598911,-0.9532281513294719,1.185964608237004,1.3870182641510207,0.02335368109044806,1.386072446951618,-0.7577229078529619,Confident,Easy
22," Hmmmm Okay Yeah, the answer is OK. And that question here is the question. Do you bring Hobi or Hobi?",-1.273255509990491,0.19065433419128983,0.3275889889773731,0.0,0.8486403147979753,-1.3028641571458441,3.1085667601618927,-0.7630675347821809,2.630370152746271,1.163417259807156,0.0,0.0,2.1408720964441885,-0.28867513459481287,0.8192137718279904,1.6459136239048755,-0.014997069041094003,0.827455387538439,0.7849139463091404,-0.2971494568002175,0.0,1.0650142351059961,0.40815558652754425,0.24150246749438417,-1.8214718617359922,0.28403194769677886,-1.2512689416942575,-1.0678449927496416,-1.0861404471224765,-1.353795910540122,-1.2031894380537804,-0.9914959154380367,-0.8595417589870885,-1.0439881747458686,-0.6945865760479714,-1.5053242996910392,-0.4020742399668897,-1.3953350111462266,-0.7042267435057842,-1.3661903350458204,-0.9374068903362107,-1.330503244338586,-1.1236426879988268,-1.4243896038657298,-0.711343088788438,-1.478643901293615,-0.8181994581910319,-1.3095398941119898,-0.9911617479212268,-1.2491881132487526,-1.1456228137004765,0.8487271037763083,-0.3668967309524066,-1.0553865116228103,-0.8980939162255723,1.7500367279494131,0.23122955236025805,-0.05446902193609754,Non-confident,Difficult
23, Okay. Monster 2.,-0.343666310218672,0.6491365838611991,0.7087259343102151,0.19783857493341045,-0.9667292049939752,1.0308390341934737,-0.5923545797996009,1.0136270238151357,-0.761879125426873,0.0,0.8561187279391717,0.0,-0.42817441928883765,-0.28867513459481287,-0.28840988484507846,-0.07156146190890757,0.3749267260273515,0.19540063543920647,1.3795230422530589,-0.2036747174067284,0.7088351243457334,0.23822252451328507,0.006621984835180443,0.43153378695481653,0.3361864433745121,-0.8847698830088973,0.5402626833442488,-1.0086221151987633,1.388314764232255,0.040666245793553685,1.2445496483163037,-0.4756902727454258,1.849407625897473,-0.26756167264779435,1.504629365400616,0.15165148120277017,1.5816232151359582,0.10833559702730235,1.3746050823066494,-0.34276352125373777,1.1628143685793326,0.21842618692507249,0.8765069750698017,0.38491909115574896,1.5030014998001213,0.24666555326679676,1.225107052805653,-0.04223450460996108,1.3424283858738983,-0.23435415361516218,-0.4136940625771594,0.7844904218006349,0.7369124274002199,0.8751038256515928,-0.4987493157539109,1.0400528261291386,0.9425795066499428,-0.35599897799177227,Non-confident,Difficult
24, Let's say childhood Three,-0.3098630665906066,0.0,0.0,1.2045953390035382,-0.16492412345752444,-0.5236133187060018,-0.26038446655971065,-0.6263987225823874,-0.1912740073845955,0.0,0.0,0.0,-0.42817441928883765,-0.28867513459481287,-0.42370745658165665,-0.9302990048157991,-0.7948446591779849,1.2512741601959556,0.21101542728664777,-0.5606143353610099,0.0,-0.8548175147933456,1.8398858012061279,1.6385512601347212,-0.514749107743494,1.4029160326655505,-0.8353665058033888,1.1555770464493773,-0.9853425225522505,-0.43478344022994747,-0.7977086139682695,0.3248269292112765,-0.8905057186299175,-0.3993919519109739,-0.968944163027514,-0.23017397736784936,-0.7883001154403089,-0.5268909356885085,-0.9724986209755031,-0.24989693586764983,-1.0261857697553822,0.22014232031376943,-1.2002260188529421,0.0816658006487775,-1.0566774102457221,-0.13634596709225155,-0.8055563319603034,-0.13540383137014786,-0.7288620596950791,-0.36859915143756405,0.19330556650697753,0.00623130424183979,-0.3297686889219178,-1.0553865116228103,0.10604006033993602,-0.8307781627534047,-1.0779567491006774,0.48423798204818275,Non-confident,Difficult
25, animal,0.19718558783038506,0.0,0.0,0.0,-1.0609415961468642,0.9773337240841592,-0.5900112026610023,-1.1730739713815617,0.16752960026171654,0.0,0.0,0.0,-0.42817441928883765,-0.28867513459481287,0.8203744436164931,-0.9302990048157991,-0.7948446591779849,1.9354503891833084,-0.9317055758283104,3.148426153540432,0.8232063212630559,-1.8377354453504609,1.830404498406169,1.885456225510962,0.5152309622001884,-0.8652222179467884,0.5864774645874558,-1.0061518131052691,1.1487030347362985,0.14163761464550656,1.1038630519202712,-0.5424619790865683,1.610016764612896,0.24399443613174457,1.6508924402866398,-0.44546375662481824,1.3767959145911721,-0.02848612780388454,1.267527642223811,0.24647553136921135,1.4608999613596394,-0.6077673181988645,0.8758318751329971,-0.15487827488393963,1.1016979327516405,0.1967863809732435,1.5458409275460723,-0.20899116895581749,1.4447337087797931,-0.09976784761914644,-0.562829950850195,0.6009219741799554,0.41835467978220703,0.9572804906412102,-0.4370443616233391,-1.133910749174422,-0.5996852997542254,0.8085644427579798,Neutral,Easy
26, Alright.chet. Okay. Feed. Two. Feed.,0.5014147804829813,1.0905268714432481,1.0516607271472718,0.8757967289965866,-0.9275585221398426,-1.2296181079039978,-0.21216373036203376,0.8769582116153422,0.8058616763649414,1.0161391932486281,0.8561187279391717,0.5080472445068829,-0.42817441928883765,-0.28867513459481287,0.5018313622897516,0.787176080997984,-0.4049208641095396,-0.0005323522589185705,-0.3259426106979399,-0.31218041446007916,0.0,-0.041308915179314766,-0.10125753359029978,-0.2050447224448716,-0.5533067518188288,-0.4628871549056044,-1.2123697223553036,-0.5662644640946485,-1.077715788210971,-0.8477642650340632,-1.1870856670757486,-1.0230359581250368,-0.799628322754368,-1.243824918334683,-0.6677642448508783,-1.1761318441169242,-0.3907085143965764,-1.1881010605514921,-0.7193277048262551,-1.198882603239485,-0.8581534012266284,-1.408525389185858,-1.0187960929811164,-1.4984791283663712,-0.6297823301507084,-1.1987395607721936,-0.8692644163103521,-0.995815671003158,-0.9760366702162548,-1.2274585463797607,-1.4543974559247228,1.3038787608085378,2.0816919485628453,-1.0553865116228103,-0.8980939162255723,0.19152861446394603,1.1025101291777542,-0.9228029811495888,Non-confident,Difficult
27, A Rob 글 A Rumble time,-0.7662068555694986,0.0,0.0,0.0,-0.081218309881088,-0.42438951022814797,-0.2420375187952996,0.603620587215755,-0.4844318422033868,0.0,0.0,0.0,-0.42817441928883765,-0.28867513459481287,0.8207754814361958,-0.9302990048157991,-0.7948446591779849,-0.6118494011113881,-0.02842268164575325,-0.2824400529307574,0.0,0.22690836383623939,-0.8577176073390729,-0.7638022519042624,0.44882083027241826,-0.8186650411383922,0.9785751200057207,-0.5510581396443027,1.0552478322152978,0.2699186580092934,0.7419444814070351,0.07378535574883681,0.20552853741793448,0.7196978514421944,0.7967221794424675,0.05718661769728887,0.7041071414354809,0.33621812318024114,1.2387966785331508,-0.11299007671959724,0.499287541428369,0.9571022718421971,1.0100197771667299,0.06485884525113499,1.3061491136208028,0.31200906557278363,0.8936782685629137,0.7522188191546747,1.3318682043521826,0.6416626502325838,0.19836558399378812,0.22237251760189525,-0.4276094320560467,0.8159399741773976,-0.5085552561566473,0.08041810614083868,-0.6902790781689502,1.4212043797230771,Confident,Easy
28, And now Liberty.,-0.5971906374291686,0.0,0.0,0.0,1.3174222954790034,0.9784844593556005,-0.14853535294202164,-1.1730739713815617,-0.6822684178479699,0.0,0.0,0.0,-0.42817441928883765,-0.28867513459481287,-1.8297787829002023,-0.9302990048157991,-0.7948446591779849,0.13130252037987647,-0.6731765748798137,-0.011365985524141855,0.8914835697581228,1.214954661149929,0.4261474814778605,0.05829177566002889,0.5416160187476783,-0.19828802238547738,1.1190202764877981,1.9033495025544815,0.15861518280615214,1.4353977893041712,-0.10557983674462794,2.2555310973557123,-0.7046495361755675,1.0773733058304507,-0.7086278609415063,1.275698306358863,-0.8596979730804648,1.3383127376522606,-1.2649195706178034,1.8482772412451938,-0.9504211445476599,0.9416971257711375,-0.0674894803350353,0.7480870657539305,-1.4349551522780677,1.865860421558957,-0.9549042689973651,2.169091272197429,0.6083048852467139,2.1652131192351938,1.710660772481252,-2.0493943164370214,-1.4343165237312658,-0.04089547895485107,2.0954064336934417,-1.202489957804958,-1.1945789981896195,0.7757447272069717,Confident,Easy
29, yeah okay time two,2.6986256163072793,0.8100138656727089,0.7826285202128314,0.3826505050897885,-0.9271120593007443,-1.252067742993945,-0.2041561815544043,0.46695177501596136,0.7897463827522845,0.49757692928407793,0.8561187279391717,0.21825995034793597,2.1408720964441885,-0.28867513459481287,0.8204276755423371,0.787176080997984,1.544698111232688,-0.8843899834976152,-1.4233426630777906,-0.3230538444047173,0.07619131589275158,-0.8399083076913214,-0.5516823142406809,-0.6736203293979924,-1.305724638965374,0.1476513168286839,-1.2204857733062198,-0.8904809808763354,-1.0828042611571052,-1.1329550972258333,-1.1658201837107727,-1.1034554219553276,-0.781564720080728,-1.3538488608414283,-0.6532006654372103,-1.1107077079827412,-0.3188546200021443,-1.368095425819446,-0.6571467266438771,-1.2453241233358052,-0.7678882069481985,-1.5760801865475853,-1.005672974435236,-1.5522838577351414,-0.6098875028328266,-1.4640257779502317,-0.8060230105520264,-1.2036763924804637,-1.0240534705449456,-1.0554171236132848,-1.1690295356951814,0.5040650817350985,0.4035855320465933,-1.0553865116228103,-0.8980939162255723,0.0005692097150476187,-1.2761854318967476,1.589604618356836,Neutral,Neutral
30, Let's do ancient tool.,-0.022535495752044606,0.0,0.0,0.0,0.15974049172619384,-0.6131131131564304,-0.09286566064988405,-0.6263987225823874,-0.2384850083906892,0.0,0.0,0.0,-0.42817441928883765,-0.28867513459481287,0.27153710278255866,-0.9302990048157991,-0.7948446591779849,-0.34108001559206014,0.988602648823414,-0.15155138005803137,0.0,0.9900624367086986,-0.4852001608872442,-0.9762400168781001,-0.8728188948575891,2.4613871175403275,-0.9246857801502408,0.398185614480801,-1.0898050262233858,-1.1151319015691328,-0.9756142847847733,-0.5984231260355457,-0.9959276132430219,-0.9205046292177573,-1.2223941621766656,-0.3023979803992247,-1.1692465301875532,-0.11861550797023998,-1.029044330197778,-0.1175511658219655,-0.8853698063657365,0.03581790778544277,-1.0673266760938962,0.1870939361928791,-0.7917108982887124,-0.2387545348598231,-1.1815264825740683,-0.5888068705455252,-0.8860540497281113,-0.5124179754108945,0.5921197334504572,-0.8278825930268561,-1.2671758116505567,-1.0553865116228103,1.1618002599702741,-1.4492526561693295,-0.5544192549722453,-0.5048729108398723,Neutral,Easy
31," Okay. Now concentrate, concentrate, think logically, mice or mouse, tool.",-0.6478955028712682,0.30689419029171583,0.3626552316336058,0.0,-0.2456928909435599,1.1065522973381028,-0.4049560368187233,0.7402893994155485,-0.8008204870410496,0.0,0.0,0.5080472445068829,-0.42817441928883765,3.1754264805429417,0.40866542115795834,-0.07156146190890757,1.544698111232688,-1.497057029800557,-1.3240059045477834,-0.30961334156396864,0.0,-0.8837647736952253,-1.421954403322625,-1.322536436365021,0.6302005743588638,-0.20705909293361333,0.2821212539194571,1.053161959859761,0.7992154791954149,0.8648233466844512,0.8126751976739433,0.7109561803634824,0.6382954339114278,0.6481843809401766,0.6008430276448172,0.8896447285065525,0.9379979957821313,0.5124150683297232,0.592343314835478,0.6279764362757896,0.5520855895520841,0.9971880249146126,0.7254459676965558,1.288244011046429,0.18024961135748696,0.49046073962530723,0.45829648023251907,0.23646500748347213,0.5210724219485083,0.6396114777882822,0.104838940772806,0.28028613742173714,0.8335442809874523,0.20594441541562508,-0.4039865216176716,0.5217906591104267,1.0421614766716498,-1.0558351827385901,Non-confident,Difficult
32," Okay, one word and hope for the best.",0.46761153685491436,0.0,0.0,0.052433407375298606,-0.10420774038196906,1.0782801519134433,-0.4676630075002471,-1.0364051591817682,-0.5799779156681003,0.0,0.8561187279391717,0.0,-0.42817441928883765,-0.28867513459481287,0.12598447246717864,-0.07156146190890757,1.544698111232688,-1.1842460958586185,-0.15048711960205982,-0.3528584410710244,0.09618839952194645,-0.4885431607060394,-0.4732911845448723,-0.7408207625650004,1.3444833160635576,-0.4731771057345006,0.7245320126789242,0.19341880817123103,0.4389098698076777,0.5383345654499738,0.637691545830338,0.3437679959335931,0.39593647668484977,1.0858092656905878,0.7551942602158505,0.7191648200180837,0.6280569685660148,0.6248291013369803,0.7423855114230204,0.6076508058114276,1.3664212833887397,0.39376061117806954,0.872469435151161,0.6918821416586823,0.7421370570550648,0.34730381011827927,0.9786764401256086,0.32617640847408536,-0.013789295856090617,0.6310706495748667,0.4940572624144922,-0.15315846754225232,0.3049064698623453,1.2775947229460733,-0.2076478143263867,1.00868170130286,0.6885517002712447,-1.427654167584148,Non-confident,Difficult
34," Hmm. Let's see. Okay, now we should place the red one as well. Oh, okay. Okay. Okay. Treasure 2.",-0.7533424619775994,0.2985032787520565,0.0,0.0,0.6692145658030096,-0.6978961580728492,1.287157766067805,0.8225595979675143,-0.03301284970817503,0.0,0.6115433614545653,0.6359887667199967,-0.7647191129018726,1.7638342073763937,0.7907009206948942,2.043362741805123,1.3745329341690273,-0.925107396540841,0.5014993160762987,0.07432695020340778,0.8354858987433432,0.5717146883765567,-0.34583413784944145,-0.712121701539135,-0.7192034774684892,0.3976055116455526,-0.9028924144010543,0.5102065413622413,-0.6891132205248726,-0.3113874469091605,-0.6450154132085412,-0.3131252122844799,-0.7301536264056377,-0.7013720519074876,-0.5119596148636733,-1.1806611179757676,-0.47998058769702806,-0.8091098126159373,-0.7798801466450092,-0.7039745690682346,-0.6355515927782501,-0.6905859817483442,-0.6986294965789025,-0.5120810004816988,-0.48368654070355377,-0.5546756903655353,-0.46010064762756453,-0.4877560433318895,-0.20159340986836433,-0.4111420588823684,-0.9942334705817675,0.5119105981957266,0.37009027988320736,-0.6752794028275875,-0.518299462290006,-0.2595055661227875,0.54834968426937,0.30853885060335645,Neutral,Easy
35, I'm getting veryансary.. Still have cream.. It still have butter and blue Oh yeah.. ok okay Nature 2,0.40527917258288704,0.6549210141838632,0.9550415657166954,1.032527291159331,-0.0545489036757529,1.309563643568331,-1.0639963342600811,0.7608676281199507,-0.8406372692004196,0.0,0.0,0.20067069546215116,1.9882696935448687,-0.5039526306789696,0.7767499812029062,0.3192754284070503,-0.20730660646483678,-0.6200141922850899,0.043854019628500225,-0.051983636777621405,0.27704833531403456,0.07782301664854539,0.618592605282793,-0.8797154319004185,1.5902718045864517,-1.2092584694330228,1.0536188230237156,-1.7110268955416699,1.2174959226595063,-0.2206063196326158,1.3530910909291263,-0.0948501061062992,1.3431143443723075,0.7151092224495572,1.3810036844185505,0.15707555919488575,1.8110934097918505,-0.25389995931158904,1.2546652297247174,0.3719348637928621,1.2471737280936503,0.23768179748170376,1.352462652234845,0.18841957396133033,1.4021805533131801,0.2977926560022193,1.4512766753956832,0.5705260521294446,1.5036596292479536,0.03052365010338316,0.5321198254592595,-0.1587413713660243,1.4687326121131228,2.1246564978926514,0.20879350935564214,1.8560595539739617,1.2393170516325929,-1.1139465749956705,Non-confident,Difficult
36, Okay. Then Lego...,-1.2396774690770622,0.0,0.0,0.0,-0.4702309052145744,-0.5564540367000688,-0.13618818489749424,-0.2878958592886301,-0.32139944744707216,0.0,0.6115433614545653,0.0,0.611775290321498,-0.5039526306789696,-0.5537510429550799,-0.25542034272564046,0.6444531461841669,0.34553112846044637,-0.8598762426743451,-0.9558451508757585,0.0,-0.21535171495182984,0.3266312638110883,-0.1835729040810312,0.8475318879268868,-1.074432610174961,1.2955472254752778,-1.0053015520570365,1.3429018724918749,0.23737478386314773,1.3598920613332002,-0.5329719183236439,1.0071036038471244,1.5511562900341562,1.3585669631126047,1.3874201980323226,0.7105261230061518,0.9423343990806279,1.2101708825884525,1.327844693659561,1.6684326098457194,0.18627636779327386,1.4200326356725008,0.024377821228880242,0.7355774087925786,1.1088166824344015,1.3450812599459572,0.05269958412165552,1.5359402665709039,0.25909006785428024,0.8619240840798436,-0.38120244269336934,-0.22054657648499557,1.0776102358731743,-0.16385334622682796,-0.9563040657805675,-0.6518761012720153,0.8875027602779171,Confident,Easy
37, then pools. Water?,1.1776935956232095,0.0,0.0,0.0,-0.19995608820315927,-0.6833602417842733,0.0374581738185836,-0.7814316180691387,0.3733622707370208,0.0,0.0,0.0,0.611775290321498,-0.5039526306789696,0.7920256429224244,-0.8301161138583313,-1.0590663591138405,-0.18657694860527074,-1.1029343095888184,0.12672523783702805,0.0,-1.345551617181622,0.4416819435136195,-1.504015135556972,-1.0998510196941507,1.3933701903354647,-0.811738274347393,0.6229778171852863,-0.9029577709958597,-1.7022783587601444,-0.8313665615600719,-1.0377664939085487,-1.0350518588012592,-0.6948922101107876,-0.9165737205409978,-1.37105528424075,-0.5759810614538378,-1.2279341419860017,-0.8929098612446044,-0.7257432253431692,-0.5499732040894103,-1.3284190158212563,-0.7401671651602901,-0.7024686303150243,-0.4222387701718577,-1.5591486712189202,-0.5681113725060505,-1.3870791543858232,-0.4400476527765476,-1.5436677411054098,0.021665155865009583,-0.5840762693233919,-1.1050784374239289,-0.6752794028275875,-0.253407347657077,0.5924102960471459,0.1873049681232703,-0.4182253860359618,Confident,Easy
38, Confident zero this time. Okay. Okay. Okay.,0.9345260920734781,0.6556702832389056,0.994826103590433,0.0,-1.0965881180082915,1.2949366550311623,-1.4205487433255926,-0.2878958592886301,-0.7296514071118981,0.0,0.0,0.0,-0.7647191129018726,1.7638342073763937,-0.10407441455367741,0.3192754284070503,1.4962128988331707,-0.011220273857281663,0.591596598472325,-0.027036557196988165,0.0,0.7855159840394864,0.21678125242695392,0.32341482886208567,0.16696156946470872,-0.6608216967796096,0.7898348334869728,-0.5304441189855752,0.9391757867173175,1.7805661310031222,0.6707663639098206,1.403947506324612,0.985321040070492,0.9358080508710873,0.9259145148758734,0.5419625375704905,0.7188694399229835,1.579652597952401,0.8095798456114496,1.0608005750079155,0.6605162233575704,1.1637088737041879,0.7792048939159415,1.5092205541302164,1.2985368492116702,0.7420778167635902,1.0068546329982178,1.0898730670010324,0.39808495655022785,1.3190287139294214,-0.7813956615772227,0.9486687998037138,1.3475499497574575,-0.034217399399708505,-0.44200037627008903,-0.3854068309524221,-0.508000452434522,0.7179921790813947,Confident,Easy
39," Okay. And how many rounds do I still have? How many rounds are there enough? I think you still have five. Two, three, four rounds. Okay. Oh. Black, too.",1.091869770840952,0.9995760056664824,0.04211638912691963,0.15691285127548396,0.2667608981837362,-0.6458447959722445,0.5057250566060392,2.0563989949187857,0.05095011491953229,1.175355010235822,0.6115433614545653,1.1700712526502546,-0.7647191129018726,-0.5039526306789696,0.3571832496017816,0.8939711995397411,-0.20730660646483678,-1.388329278208397,0.8097843272884648,-0.17550045376991713,0.0,0.24289606669087477,-2.484050409186394,0.05572199899210912,-0.47258458513926765,0.25958221786037056,-0.8170169984519855,1.1765900622722307,-0.7965606864166448,-0.06571823742397134,-0.8189503862975563,-0.3202790281359384,-0.72696623442198,-0.8805974915343013,-0.7835282601435978,-0.5476413303256973,-0.6926591691507112,-0.5293169742573081,-0.6194023110330449,-0.2555148859951982,-0.7938914044826472,-0.28950357888457223,-0.6700062163761474,-0.1564653385923416,-0.6043141321784761,-0.24268461557881327,-0.729885083527722,-0.47578354975427417,-0.6343294760377766,-0.3914922152669473,-0.7104379908773314,0.7726054162641275,0.3551098821428265,-0.6752794028275875,-0.5454433777923982,-0.15253943443268692,-0.3613236248195821,-0.5612285839395478,Non-confident,Difficult
40," Hmm. Ooh, creature 4.",-0.7676464327746421,0.0,0.0,0.0,-0.733007598299003,-1.1642210779750142,1.1434354690402386,-0.7814316180691387,2.426356257123374,0.7114147817807732,0.6115433614545653,0.0,-0.7647191129018726,-0.5039526306789696,0.791127751062028,-0.8301161138583313,-1.0590663591138405,1.920168446834974,-0.2937568599758587,-0.63018470265873,0.0,0.5239229084305069,0.580580933893421,1.0307480087135579,-1.4194895762977273,-0.20167994820271581,-1.144096159308204,0.6335828604620402,-0.9179992134673444,-0.40346549069190346,-1.0481932623738062,-0.906168612897777,-0.9305798635400194,-0.575085573804271,-1.0078776227462247,-0.08979996646974372,-0.8528445421553678,-0.5096585093678362,-0.9120727219867508,-1.7220448382276325,-0.8832620253613072,-1.0034715912903793,-0.8716073791459615,-1.827721676722024,-0.6284123669657845,-1.181798916959543,-0.7401229556424691,-1.0436368523693242,-0.5140401254500739,-1.1607142420071312,-1.2637998175742082,1.1806156928879923,-0.2337010445646647,-0.6752794028275875,-0.720000073177101,-1.3125532759185905,-1.0300393950333726,0.5210546080190417,Confident,Easy
41, Okay. Computer. One.,0.39097520178584305,0.0,0.0,0.9230310175909509,-0.6343542960596549,1.2492937156798625,-1.0562105695494861,-0.7197396482215751,-0.7781364202856648,0.0,0.6115433614545653,0.0,-0.7647191129018726,-0.5039526306789696,-0.7136195829203528,-0.8301161138583313,0.07661331108483106,0.9879039397108365,-1.3699925106681674,-0.8065091967648861,0.0,-1.845976465553845,0.7880962950064431,0.06716172636106059,0.8248583289400253,-0.4862926094548083,0.9729822463130281,-0.6545649166790264,0.6267894617844956,1.1575543487662563,0.6843373037525929,1.9043407598060973,0.8208482680393907,0.840941007742895,0.305718975863487,1.4364959482256294,0.6091669176340277,1.2767352927181483,0.8820898912825277,0.919619020697861,0.2964606202583264,1.7937113442257098,0.4691620902309202,1.2257354828512057,0.29784185593968865,1.391763922583818,-0.10279812047473834,1.7331345574125203,-0.12989347442895877,1.3601131294191617,0.6434722146114229,-0.21914832129684822,-0.5037714700803321,0.20834767977181953,-0.12876706422080733,-0.4449924178295065,-1.1415054535446847,1.33597220213481,Confident,Easy
42, And then can I say pumpkin?,-1.2396774690770622,0.0,0.0,0.0,2.252710445473688,-0.10601770377490637,0.703167366499987,-0.7814316180691387,-0.14783124902669684,0.0,0.0,0.0,0.611775290321498,-0.5039526306789696,-2.136342505054925,-0.8301161138583313,-1.0590663591138405,-0.12235542550937946,1.6798256614416007,2.446007510003465,1.0758530486310938,1.2050071335013237,-0.14247974689848006,1.8023786101487493,0.2815050676815633,1.5819274142037316,-0.43623928179035604,0.9579802019815159,-0.819732152248472,-0.4720394102147288,-0.7245611964847644,-0.1031268944740155,-0.7336356731604174,-1.191067243740846,-0.7512649199760221,-0.3337965440113635,-1.248190529898069,-0.46880289221250526,-0.9522408082977377,-0.2729216345239615,-1.0099049548436507,-0.06939821546032499,-1.0404520147929046,0.25098321393945705,-1.5954848572374456,-0.0021431836612120433,-1.202194388561313,-0.05197766082334005,-1.5177807138073645,0.5382606959556114,1.6906856605950007,-2.0706321024719236,-1.4783851953426874,-0.6752794028275875,2.562977538278665,1.0628317410154582,1.7177733230789514,-1.6776600551453422,Confident,Easy
43," Yeah. Okay, my first clue is... Metal itaccs voted to stop the auto switch-off color.",0.45770833305741887,0.05328376632575597,0.3802304327846116,0.0,-0.2886586028775109,0.824266899476769,-0.7764671846595885,2.2271542805720217,-0.8167075082021664,0.0,0.8472978603872037,0.0,-0.5479966243511909,0.0,-0.34472448699912633,0.058470534620468646,2.0059787757334613,1.4655254324662073,0.7605321851810806,-1.8874408742715578,0.0,-0.4438992032754767,0.11152353573430823,2.2749067430421617,0.2983992763900091,-0.3302171964825427,0.37452626289713414,0.3696126655249458,0.5987436189915643,1.3252776977591163,0.7023886674183493,1.428076473771396,0.7099447289754836,0.4156052105093557,0.5719519706858557,1.167200094410427,0.7535695211629645,1.093560834624253,0.5431116702722798,1.2514778536693378,0.5909874332506648,1.1254874901659513,0.4999492504258299,0.5207359317458002,-0.02251401823750321,0.8875411608393823,0.29219038818239534,1.067815125666016,-0.1740617147164056,0.931549009116413,-0.5198591512022421,0.6842963749286607,-0.4168911318014889,0.19448758556741844,-0.423077100631524,1.2507260439148609,-0.20889756854301217,-1.1583732306347316,Neutral,Easy
44, I'm gonna say... Oh my god! Plant... Two.,0.4987847219215459,0.0,0.1939853285847388,0.0,-0.6541041939393192,1.541822515973774,-1.3015963505582715,-0.8822245488138479,-0.8122259156633864,0.0,0.0,0.0,0.4383972994809527,0.0,0.3492138485691385,-0.4677642769637489,-0.5916915813314525,0.6840890575706631,-0.4833239643116957,0.3726866590807325,0.0,-0.31080987936249765,2.0824018567282967,0.23595089243327338,0.39906276596900464,-1.2209166906770823,1.320167638270321,-0.7396897315550394,1.3265453462844694,0.7919639654523248,1.5340097932900376,0.6688237502466939,1.2167856572359361,1.187096673430023,1.3529655644351448,1.4975655188567403,1.4998649950124605,0.9384033168169974,1.1705068159420884,1.1787198818544642,1.1399188451348172,0.9035028663674084,1.5600305948150113,1.1408836403846303,1.7014568642067986,1.0451211850967697,1.736402640195317,1.2192315118986459,1.2259382024661352,1.2384777694017144,-0.24954504780782402,0.6335682889337466,0.32446200846765394,0.8705135974306826,-0.47836999292430415,-1.382307195890371,-1.4666911190566354,1.272917344125092,Confident,Easy
45, Um. Going to say rope and Three,0.011736111104035619,0.07255527257130365,0.0,0.0,-0.769182977710656,-1.1640161433412979,-0.13217440082028656,-0.6601260610005715,1.541703238547049,0.8179976163936183,0.8472978603872037,0.0,-0.5479966243511909,0.0,1.6323227030517096,-0.4677642769637489,-0.5916915813314525,-0.9273819359327402,-0.9418910115840992,-0.39674689390344714,0.8726273768488009,-0.4490415352446813,-0.05286328943778978,-0.5697426562869635,-0.7498364933800824,-0.1523626263875178,-1.1667597322432055,-1.204906595067228,-0.9829830358909732,-1.496269269441063,-0.9363131334487657,-1.4717439272090136,-0.4589833745817807,-1.2127264571963863,-0.5132363201154343,-1.253296132645614,-0.2714331617618386,-1.3026589404813909,-0.17489985148415382,-1.361698741198472,-0.3406286853439875,-1.2515669356781305,-0.5755338369807147,-1.2556967715519478,-0.7180737642010037,-1.264033508451727,-0.6361072143568793,-1.1057979763729882,0.16490017054614378,-1.408555430429961,-1.0610355434269108,0.6008309333432976,1.0166613587755842,-0.607395687388072,-0.8022528126437685,-1.5241619445124004,-1.2156950715658212,1.661670692417452,Neutral,Neutral
46," So you only have to guess one more. Oh, so I can be like super. I'm going to say notepad1.",-0.6924305551381477,0.0,0.0,0.0,1.9727561590377054,0.6809073165810348,1.3117358430640096,-0.21592908537401873,-0.7554736511235184,0.0,0.0,0.0,2.41118514714524,0.0,-0.13773503309975485,1.1109401577889038,-0.5916915813314525,0.09506665074587907,0.8835122621754652,1.8855912733365674,0.0,1.3183572203337073,0.3147120349014044,-0.03657796824272445,1.2049249867396048,0.7441204601096205,0.7021129354354557,1.3545851865456169,-0.022067419961911135,0.4697846180104645,-0.06053656136129386,0.8069889689510206,-1.0588523528307765,1.389071114010183,-0.9142908685137663,0.6372849031219574,-1.1807368647796832,0.533541409478965,-1.3997183718981652,0.7862866235691899,-1.1950288149681663,1.0012608158171903,-0.6491035806766012,1.0783728229639742,-0.41232894990704866,1.1540126303758078,-0.7067197866956532,1.262885717601198,-1.5301266369105881,0.9193018821001911,1.6867019491211213,-1.6905300872611848,-1.1691937151609075,-0.32079863678442844,1.3116670684295284,0.7521404171838149,1.4963280244626789,-0.6473024010698198,Confident,Easy
47, Okay. Good to see... Paper and... 4.,0.6044097218578738,0.4907169987187684,0.0,0.04173206209430368,-0.859006406543785,-1.2457676674974367,-0.0556343558228356,-0.5490768170939333,1.6018950342711515,0.8979483625321322,0.8472978603872037,0.0,-0.5479966243511909,0.0,0.3089097859411334,-0.4677642769637489,1.3565611864672327,0.6052061301203401,0.18983105574333697,-0.000533421317689112,0.0,-0.3504863641386792,0.3170818201746152,0.4233736784469514,-1.8408233569263708,0.21265963775821523,-1.2154093453081982,-1.312211089820594,-0.9986718564926728,-1.6663916459489505,-0.9861045420675314,-1.6189089631782616,-0.5542037551712613,-1.4189977242793874,-0.5515668189039725,-1.127691599746889,-0.28145304161354706,-1.282444422334297,-0.27326592561979135,-1.3402322191058753,-0.3677831878441737,-1.4552641179751489,-0.47688175695553964,-1.2990940807663087,-0.496607289163859,-1.4412777280643339,-0.49038859837916077,-1.2243733522241387,-0.07655950418355073,-1.170111432072924,-1.2019278942917573,0.6085957508645569,0.1501990404726186,-0.607395687388072,-0.8022528126437685,-0.23783604632530245,-0.2939732073025879,0.41900531242921335,Non-confident,Easy
48," I'll see. Oh no, I can't say that. Is it a problem if I take a while? Not at all. Okay, this one's going to piss you off, but no, I can't say that. Oh, this one's really hard. Oh, there's a word for it in Dutch, but can I say in Dutch? If I, yeah, in French. Bowt in Spalens. I'll say three.",-2.3706944430153514,1.1552413725320159,1.2215112052385457,0.0,0.6605255941546792,-0.4966820437029116,1.185393527817295,0.9500879756456823,-0.16086469764899208,0.7003640001969627,0.0,1.2847753897321874,0.4383972994809527,0.0,-1.0118602418167868,2.1634097809573385,0.1876095257880216,0.92452252351504,1.4035122836672715,-0.2941838195154218,0.0,2.018453670509628,0.23398169952267645,0.17759140666195186,-0.18710766729622533,0.6919369916086303,-0.48835523149380006,0.8436198124732596,-0.5643632416455524,0.10924750348257582,-0.6397313096027011,0.0036594713485053965,-0.640841103126278,-0.17642037242360362,-0.6092241507783696,-0.3951167397288244,-0.6538480556429912,-0.255031117909909,-0.6637559778915272,-0.15616695377618414,-0.6657885781160937,-0.16364066580377365,-0.5590096805452462,-0.2725784662872779,-0.48445351221462013,-0.02452919158864239,-0.5569876754133448,-0.5476674559756639,-0.45888977949591075,-0.4708386880304812,0.18395349335492797,0.023965920488198823,0.417502797916432,-0.607395687388072,0.2217264976244722,0.41367963390758883,0.9146520085823698,-0.2609603108563609,Neutral,Neutral
49, I'll go with fabric and four.,0.023472222208072283,0.0,0.0,1.2885839957060745,-0.7301320237200364,0.7686636042598045,-1.2532167292690395,0.17274326829921494,-0.7157822429690859,0.0,0.0,0.0,-0.5479966243511909,0.0,1.1412810565480525,-0.9939990885479665,-0.5916915813314525,-0.7316111205666559,-0.3548749599317269,0.041865450074043256,0.5127160348595824,-0.5808186038630752,-1.43264736153128,-0.6656629048726359,1.181855560723943,-1.7365981778028734,1.3684718573536034,-0.6755727600134751,1.718573192406265,0.414368877798755,1.4867516176900077,-0.08999991524601952,1.8385844778378504,0.7389282433298816,1.8376551384910609,0.5983310070952637,1.496801046551109,1.28767248090252,1.814894998164146,0.560435129238878,1.8852003400640938,0.49452328280659463,1.6975436208761674,0.9013374049434165,1.74399661797924,0.432573768786469,1.6186378196451552,0.32343444109280717,1.8189102080717243,0.8677925094840124,0.0805149366968755,0.33590776291630087,1.5906461589117529,2.292775890726688,-0.2787962993863536,1.032219207586215,0.7473316207825879,-1.1776730174549968,Confident,Easy
50," Oh, this one's going to be a bit meta. I will say building and four.",0.7335069440022739,0.0,0.0,0.0,1.0670982327409202,-0.05334427909398753,0.9925495116299401,-0.4935521951406142,-0.4955740760148045,0.0,0.0,0.0,-0.5479966243511909,0.0,-1.5920750330666698,-0.4677642769637489,-0.5916915813314525,-0.547112017015652,0.3499053928692375,0.6182638417972907,0.2803820094364588,-0.09580706983368374,-1.0135046142076658,-0.699934780526937,0.5063918402318772,1.478397304056749,-0.07732449313004466,1.0051886244800858,-0.354792576279217,-0.28629051840420977,-0.35591632121761646,0.014612640312846443,-0.4006063435604372,-0.4895689635636993,-0.6118512254352315,-0.5733900182923736,-0.8210470734801216,-0.33187420509259646,-0.6059974227295595,-0.3724110446266243,-0.7751347119371097,0.28310932701378005,-0.8527130044531925,0.21829445088580018,-0.5214439421722773,0.1593177513389715,-0.7601982657039584,-0.2181229136922435,-0.7118431444912722,-0.37180726798154545,1.4426152255606757,-1.7627218552058028,-1.5742547551488628,-0.607395687388072,1.9811560581635417,0.2328706048651704,0.5641044677612557,-0.38717188829645927,Confident,Neutral
51," I'm going to say... Yeah, I'm going to say building it for...",0.7335069440022739,0.0,0.0,0.0,-0.39929578114199615,-0.8558502026557476,0.029410138618776602,-0.5490768170939333,0.613029818803754,0.15958283121533676,0.0,0.0,-0.5479966243511909,0.0,-0.34533259912769415,-0.4677642769637489,-0.5916915813314525,-1.5683047209030627,-1.8072032438088754,-0.3395022152805185,0.8590752155619633,-1.105948235125242,-0.5606856818845655,-1.1399044106550837,-0.8128669124517678,0.3129802978168033,-0.8174298917812681,0.3593738874324266,-0.7209840274119726,0.3383087712909853,-0.7445482107004864,0.25849150100282847,-0.6518279347787356,-0.4329877238163657,-0.5624032898652873,-0.5508870330706863,-0.5417173654483521,-0.6811693560045433,-0.41087593475531736,-0.5464105296247146,-0.2717426402400442,-0.9374120627138723,-0.6442816065057145,-1.032254932318088,-0.7900320062897268,-0.9487260683326972,-0.49682930747387166,-0.777405097993629,-0.2582678012862761,-0.5358083515874144,-0.3614179680048638,0.5660869109922162,-0.3391317624327773,-0.607395687388072,-0.7298006059878228,-0.5373307207295751,-0.5371591551208339,0.27788749934060725,Neutral,Neutral
